Unnamed: 0,avg_price
10168,0.3045776438629421
10169,0.3030217919506127
10170,0.3039786908792746
10171,0.3026795886850154
10172,0.305098978031486
10173,0.3089030660602094
10174,0.3097977638519566
10175,0.3079306699683171
10176,0.3002912875695553
10177,0.2984864674688305
10178,0.297265193381427
10179,0.3035507024493212
10180,0.3067714326448171
10181,0.3067636696252263
10182,0.3052078268559985
10183,0.3071916109995899
10184,0.3032473719630801
10185,0.3012948035262347
10186,0.3041498406134424
10187,0.3078761096993913
10188,0.3069503846763854
10189,0.306234667694458
10190,0.3089419391304498
10191,0.3127460330464525
10192,0.3154454510893659
10193,0.3157721707499389
10194,0.3159665945202636
10195,0.3170869789795814
10196,0.319148376646399
10197,0.3218168395041476
10198,0.3230848216337674
10199,0.3223068701871303
10200,0.3204165121117012
10201,0.3186972867411272
10202,0.3184871645216836
10203,0.3195919106317808
10204,0.3203932346668133
10205,0.319506261693516
10206,0.316783549785578
10207,0.3128316959136049
10208,0.3112679836082356
10209,0.3091207947441651
10210,0.3103110997342549
10211,0.3095643014489359
10212,0.3086618096009538
10213,0.3084985640240099
10214,0.3079851384938397
10215,0.3046166408694971
10216,0.3013414541821825
10217,0.3015671174996672
10218,0.3028118178170511
10219,0.3035741214446215
10220,0.3046944379932003
10221,0.3058302256090808
10222,0.3066314121037119
10223,0.3024072673913642
10224,0.3015982104864947
10225,0.3015281900423734
10226,0.301147083332411
10227,0.3023294442854798
10228,0.3030996328722248
10229,0.3063723859507004
10230,0.3079282884557842
10231,0.3092573365596809
10232,0.310860211815831
10233,0.3109461912437328
10234,0.3106959575499542
10235,0.3101564936720271
10236,0.3131041068559005
10237,0.3134480554861115
10238,0.3175059881964531
10239,0.3193511078085854
10240,0.3185457425700765
10241,0.3169664965794992
10242,0.3153871518871208
10243,0.3130336921265599
10244,0.313002480149605
10245,0.3113683323459572
10246,0.3098750374785395
10247,0.3124239053377766
10248,0.3117358167505218
10249,0.3103832697947573
10250,0.3107741843335496
10251,0.3098046387949824
10252,0.3075764467539934
10253,0.3072792984773421
10254,0.3123535146535325
10255,0.3171775476299296
10256,0.3182877905213732
10257,0.3164348562703739
10258,0.317576297153282
10259,0.321212001532007
10260,0.3249023245963199
10261,0.3252619491817854
10262,0.3278107182904232
10263,0.329953014531422
10264,0.3306098187648276
10265,0.3287411693447937
10266,0.3290695721048492
10267,0.3311883970873007
10268,0.3298357974236979
10269,0.3279906263925685
10270,0.3275762774406819
10271,0.3297653961165607
10272,0.332681724624575
10273,0.3327365360990257
10274,0.3321502123799909
10275,0.332212657003777
10276,0.3350351929737321
10277,0.3373025343273758
10278,0.3355746504213464
10279,0.3379984086441406
10280,0.3388349324516705
10281,0.3382642487888265
10282,0.336294024343591
10283,0.3376855635493249
10284,0.3395151564717715
10285,0.3393431211623489
10286,0.3406801618517684
10287,0.3393274945400346
10288,0.3392415793898649
10289,0.3387333264755824
10290,0.3370601847008792
10291,0.3334792333006613
10292,0.3339873788820559
10293,0.3336825017546899
10294,0.3367522163219359
10295,0.3390468923691845
10296,0.3374594296235204
10297,0.3332236084317426
10298,0.3289878824083369
10299,0.3292786131889531
10300,0.3314005504539711
10301,0.3312826183465484
10302,0.3351332354770919
10303,0.3377266630786457
10304,0.3386853093622416
10305,0.341726703073885
10306,0.3423081373848296
10307,0.3435419628568261
10308,0.344822911619384
10309,0.344720787387187
10310,0.3456795187605723
10311,0.3429054700966965
10312,0.3423867612532462
10313,0.3430468857408794
10314,0.346276764184222
10315,0.3462845957339566
10316,0.3494752531775942
10317,0.3507875675230717
10318,0.3489251482116935
10319,0.3483436857855218
10320,0.3493337142258981
10321,0.3498681683350256
10322,0.3485321237881302
10323,0.3495852027414001
10324,0.3490979730573187
10325,0.3463396280053298
10326,0.3394556022437757
10327,0.3361391649295258
10328,0.3364142434020067
10329,0.3367600797169744
10330,0.3381116326344235
10331,0.3359035717586652
10332,0.3339781070711486
10333,0.3338443966118125
10334,0.3336401423852725
10335,0.3353297552073526
10336,0.3402492542132126
10337,0.3450036978115687
10338,0.3493730166644987
10339,0.3533180734718184
10340,0.3548583036987494
10341,0.3569094417680649
10342,0.3592276978251569
10343,0.3587011356421277
10344,0.3593219212151894
10345,0.3606971770234557
10346,0.3603749747713009
10347,0.3589212046098803
10348,0.3589526536672289
10349,0.3595498737855401
10350,0.3604771243123329
10351,0.359691339303879
10352,0.3641392698390724
10353,0.3635656423492326
10354,0.3635494455440636
10355,0.3630283985382379
10356,0.3630126350725111
10357,0.3626020541795839
10358,0.3616309381919584
10359,0.3627204860194254
10360,0.3623492936130399
10361,0.3635889772256123
10362,0.3650576076744039
10363,0.3648286363273529
10364,0.3629494873347443
10365,0.3633995500100069
10366,0.3594437978729823
10367,0.3581568276954976
10368,0.3612361135117
10369,0.3607860467401875
10370,0.363802103145707
10371,0.366123547449377
10372,0.3689579002377417
10373,0.3677183233457556
10374,0.3681053166286483
10375,0.3686343066120258
10376,0.3642679284522724
10377,0.3596254256559015
10378,0.3604307755131586
10379,0.3578883979493562
10380,0.3511929037059902
10381,0.3528273144559504
10382,0.3551328489634835
10383,0.3569093677101239
10384,0.3548880881576072
10385,0.3570277804737215
10386,0.3595938036758774
10387,0.3577540720044684
10388,0.3579910582721818
10389,0.3553933890431348
10390,0.3541853955211977
10391,0.3541063850644887
10392,0.3536248560151974
10393,0.3523457077318528
10394,0.3530563124214544
10395,0.3545091894408322
10396,0.3574067234262194
10397,0.360162309067442
10398,0.3648917634923714
10399,0.3669288847616219
10400,0.3706871900928666
10401,0.3702528925122245
10402,0.368815822814289
10403,0.3653971099409182
10404,0.3639758991131857
10405,0.3644417450622041
10406,0.3637942625202773
10407,0.3641970339935696
10408,0.3636441794245793
10409,0.363454737469342
10410,0.3650812908644936
10411,0.3671814522349684
10412,0.3677894181981364
10413,0.3686658081813859
10414,0.37034761413827
10415,0.3706318305919267
10416,0.3725346559546431
10417,0.3741590739326269
10418,0.3756422462036661
10419,0.3782676823026927
10420,0.3773555237936332
10421,0.3761101813092652
10422,0.374357373496522
10423,0.3726597568217231
10424,0.373944942276692
10425,0.3718666677014168
10426,0.3722870716919484
10427,0.3735640743217805
10428,0.3747618227288938
10429,0.3743176838394944
10430,0.3733420579483755
10431,0.3746349096064638
10432,0.3765385555707278
10433,0.3773318104309271
10434,0.3754121920354156
10435,0.3765861820944531
10436,0.3777995929654943
10437,0.3785691409200734
10438,0.378529338124552
10439,0.3783073971356131
10440,0.3782914660794323
10441,0.3742224693189456
10442,0.3760706685392635
10443,0.3776886763087
10444,0.3759912812156313
10445,0.3763482089302343
10446,0.3729613075161389
10447,0.373135794577332
10448,0.3719301956654441
10449,0.3737068790928509
10450,0.3738575833342876
10451,0.3738735013183045
10452,0.3736592912861828
10453,0.3741431211165239
10454,0.375118738434594
10455,0.3758643269223635
10456,0.3709466369948122
10457,0.3658781711634049
10458,0.3668695651841194
10459,0.3673693942289747
10460,0.3652673655563253
10461,0.3646565976964773
10462,0.3647835854684001
10463,0.3679800401566193
10464,0.3686145788338764
10465,0.3708118404931667
10466,0.3726043831769736
10467,0.3714939361386304
10468,0.3721522802558558
10469,0.3723427091410618
10470,0.3712875553443571
10471,0.3715811025807252
10472,0.3700662186629185
10473,0.3710656103037217
10474,0.3710893515419056
10475,0.3700185837570292
10476,0.3679562955221471
10477,0.3688843088056265
10478,0.3695664971835106
10479,0.369978961026263
10480,0.3693206212343304
10481,0.3672970571779188
10482,0.3672094806577692
10483,0.365528073570199
10484,0.3661175845834816
10485,0.3638306326068404
10486,0.3626590071208691
10487,0.3608023804872157
10488,0.3614636753062692
10489,0.3629061647599898
10490,0.3643804527685819
10491,0.3637110316931021
10492,0.3582681820022473
10493,0.3567698404635493
10494,0.3590012128774884
10495,0.3605711218535576
10496,0.3616788503488874
10497,0.3611848630652436
10498,0.3617107641358931
10499,0.360451590083889
10500,0.3609138133082631
10501,0.3658786013575507
10502,0.3942567292945559
10503,0.4012935473448105
10504,0.4079237700990791
10505,0.4086808826481017
10506,0.4052940400212141
10507,0.4024729514803812
10508,0.3997634490883171
10509,0.391937716696115
10510,0.3866143733931987
10511,0.3857137872441009
10512,0.3880646637599692
10513,0.3914116685611856
10514,0.393053421639011
10515,0.3967669760774328
10516,0.3978826341950534
10517,0.3989585150694147
10518,0.4009826865925645
10519,0.4016360877571616
10520,0.4020584287254546
10521,0.4087207101752227
10522,0.4057402312556668
10523,0.4068718810961846
10524,0.4038994655007675
10525,0.4044651866511355
10526,0.4022497440021048
10527,0.4029510697052678
10528,0.4075093761383614
10529,0.4086968037603362
10530,0.4107766924088593
10531,0.4098602341838799
10532,0.4107129854820344
10533,0.4132073258217228
10534,0.4137652237548868
10535,0.4124900695993503
10536,0.4154785767986192
10537,0.4149287338286578
10538,0.4221169286088272
10539,0.4416571029883012
10540,0.447689904357348
10541,0.4456178676771168
10542,0.4475704031925868
10543,0.4458490546484802
10544,0.4472993563186437
10545,0.4437530634267648
10546,0.4447225865209894
10547,0.4421933121306289
10548,0.4396081894626449
10549,0.4393361070399507
10550,0.4377113260984527
10551,0.4354462834933374
10552,0.4298837060250556
10553,0.4330532544886848
10554,0.4436499824373484
10555,0.4478520133289891
10556,0.4452667384124933
10557,0.4451548099443865
10558,0.4450906682359486
10559,0.4460671031303094
10560,0.4438981907902631
10561,0.4464513310456294
10562,0.446355317082497
10563,0.446627492551184
10564,0.4485483504422089
10565,0.4487403823740135
10566,0.4539587469134464
10567,0.46453949311852
10568,0.4622746011570271
10569,0.4594090751139339
10570,0.4568240675479627
10571,0.447755952828895
10572,0.4501490631879709
10573,0.4469234363701114
10574,0.4484923184485742
10575,0.4526061193599978
10576,0.4590731087428653
10577,0.4585367610794266
10578,0.4555114140413722
10579,0.4531584437170461
10580,0.4525820078518969
10581,0.4465632701569668
10582,0.4424175832899096
10583,0.4405927170682867
10584,0.4492765920761137
10585,0.446939536529724
10586,0.4610021065596249
10587,0.4606019327944108
10588,0.4524940183330053
10589,0.4516776168487734
10590,0.4520219313640333
10591,0.4576403085123242
10592,0.4561436858766598
10593,0.4583608062953694
10594,0.458040657702346
10595,0.4568078860568635
10596,0.4601054432017624
10597,0.4663963851127246
10598,0.4718149612257598
10599,0.4729673773787234
10600,0.4726152068459449
10601,0.4711184602286115
10602,0.4702380694818533
10603,0.4677249794382309
10604,0.4695018250810428
10605,0.4757048882171967
10606,0.4681145903111791
10607,0.4645787959390895
10608,0.4586321858523238
10609,0.4538912150903911
10610,0.4555143281321507
10611,0.4553696042755583
10612,0.4574351030941999
10613,0.4534892904579429
10614,0.4566635860730921
10615,0.4633250861580297
10616,0.4655512476355143
10617,0.4647877287168179
10618,0.4661618726231139
10619,0.460175220696435
10620,0.45749914299301
10621,0.4617019543369782
10622,0.4655833201596871
10623,0.4630440390664314
10624,0.4562215456388124
10625,0.4540437397974442
10626,0.4512231440956131
10627,0.4534490970321425
10628,0.4526776016223808
10629,0.453754457173195
10630,0.4577080668820974
10631,0.458101841671358
10632,0.453497306874169
10633,0.4525330779038242
10634,0.453882978809714
10635,0.4520508047101709
10636,0.4588812672761806
10637,0.4646430535486913
10638,0.463622559537453
10639,0.4609706024343251
10640,0.4618305496189818
10641,0.458431373063176
10642,0.4550642861973054
10643,0.4550723880684146
10644,0.4523643474349378
10645,0.45344911096883
10646,0.4594198335464187
10647,0.4574028150900777
10648,0.4531920440414833
10649,0.4565991078079713
10650,0.456125004268001
10651,0.4540035358720536
10652,0.4479766769280013
10653,0.4457105957919743
10654,0.4489571570177083
10655,0.4517374466894879
10656,0.4529027685524792
10657,0.4529347878299172
10658,0.4527420008368985
10659,0.4539714898906418
10660,0.4552170950907798
10661,0.4510544333211564
10662,0.4510945897129245
10663,0.4524687020665896
10664,0.4514161223963096
10665,0.4512795399765411
10666,0.4488044534189417
10667,0.4497204729072825
10668,0.4483783916258343
10669,0.4489661731681911
10670,0.4503057689350851
10671,0.4458427512488831
10672,0.4470775520149938
10673,0.4524041751652656
10674,0.4500313062228055
10675,0.4459558607793715
10676,0.4459801201447417
10677,0.4490387808896466
10678,0.4518311716220352
10679,0.4545751033429422
10680,0.4596432532518462
10681,0.4604263386037215
10682,0.4574803514097896
10683,0.4558260727024976
10684,0.4566168596626694
10685,0.4579243148061512
10686,0.4573029396444784
10687,0.4598207251741423
10688,0.460684482297832
10689,0.4578031803322829
10690,0.4590542222123903
10691,0.4560600979027299
10692,0.45786785556623
10693,0.4622338476637204
10694,0.4669228664066905
10695,0.4715794408006491
10696,0.4731856179793257
10697,0.4747672821665183
10698,0.4755260234380932
10699,0.4762361352281225
10700,0.4752677262462533
10701,0.4753885690196592
10702,0.4765347614545954
10703,0.4751466435712547
10704,0.4714825597761427
10705,0.4771805080794988
10706,0.4852992792295113
10707,0.4885355517202554
10708,0.4900205053392057
10709,0.4888179760673141
10710,0.4898993716341129
10711,0.4942251928068023
10712,0.4867762744146942
10713,0.4787300607172443
10714,0.4832572990122744
10715,0.4782215143370927
10716,0.4744525212056943
10717,0.4746059616348901
10718,0.4751383435376848
10719,0.4758003760663111
10720,0.4745575611396422
10721,0.4707484129765388
10722,0.4650264136222539
10723,0.4585296397715724
10724,0.4408876270182786
10725,0.4485948698366696
10726,0.4474569692549016
10727,0.4562214601303798
10728,0.458045466654124
10729,0.4563183071235476
10730,0.4394914037614766
10731,0.4376916163624089
10732,0.4401935241039048
10733,0.4349468005548223
10734,0.4415613523274588
10735,0.4445362347805563
10736,0.4379703531887312
10737,0.4375001530968299
10738,0.4391374207550412
10739,0.4418205907463771
10740,0.4461088151877285
10741,0.4509075579527762
10742,0.447535511339882
10743,0.4495862704065153
10744,0.4451198872601927
10745,0.4473976503617681
10746,0.4470816163997113
10747,0.4449577673728422
10748,0.4277241430000791
10749,0.4208745489734962
10750,0.4277403883997588
10751,0.4258922425581669
10752,0.4293291604437707
10753,0.4410748474830454
10754,0.4368191841285451
10755,0.4392267011427973
10756,0.4410668822063122
10757,0.4439119701445993
10758,0.4457196227157695
10759,0.4436201919585866
10760,0.4406452933674734
10761,0.4408883782155371
10762,0.4473895581313287
10763,0.4506483093704302
10764,0.4511589382920365
10765,0.4513615978149212
10766,0.4500807362304374
10767,0.4506725051023018
10768,0.4518800997703147
10769,0.4532501964627013
10770,0.4555604400707508
10771,0.4609591330330714
10772,0.4619075779971611
10773,0.4653364956486786
10774,0.469616294801256
10775,0.4868336640708706
10776,0.4904895125677679
10777,0.4913974071471142
10778,0.491786408634327
10779,0.4916647347399235
10780,0.4920783263133796
10781,0.4840938874463415
10782,0.4803893403249491
10783,0.4836803762388008
10784,0.4871092403841792
10785,0.4884629727140772
10786,0.4861121591898673
10787,0.4880089644480053
10788,0.4883008298228316
10789,0.4820024916078336
10790,0.4854718384353668
10791,0.4880657977373657
10792,0.4877577020845261
10793,0.4907083163907446
10794,0.4919647156575717
10795,0.4875307135470343
10796,0.4925646137487379
10797,0.4970797321728425
10798,0.499509334224513
10799,0.498060349715158
10800,0.497905851536307
10801,0.4939817497582626
10802,0.4949585469726154
10803,0.4994770157646076
10804,0.5026356639127755
10805,0.5068202298776843
10806,0.5003073753539369
10807,0.4985000691708564
10808,0.5001281315482451
10809,0.504304459054752
10810,0.505940991216191
10811,0.5041255271718941
10812,0.5075528952196254
10813,0.5061281940867953
10814,0.5015121888827068
10815,0.4833495286133478
10816,0.4821528557339377
10817,0.4747200683230965
10818,0.468654958980605
10819,0.4667011088309681
10820,0.4596510056386493
10821,0.4611406195246709
10822,0.4622886467708076
10823,0.4656102920467832
10824,0.4629642844109359
10825,0.4638271898155785
10826,0.4551164163032856
10827,0.4570865837636073
10828,0.4671896294428864
10829,0.4714391498256702
10830,0.4701364622113215
10831,0.4741744592560136
10832,0.4683373771679438
10833,0.4678898306207529
10834,0.4679465019244925
10835,0.4701121012179357
10836,0.465935828624778
10837,0.4513877480622152
10838,0.4421313951910581
10839,0.4311083064496068
10840,0.4286090653364856
10841,0.4438083929454666
10842,0.4389726116136924
10843,0.4483268091485596
10844,0.459129809944976
10845,0.4651542288444556
10846,0.4663917855052357
10847,0.4667417628393909
10848,0.472399898336765
10849,0.4743700160016673
10850,0.4744434014251969
10851,0.4802884785098209
10852,0.484725368454625
10853,0.4817619692119935
10854,0.4833739794805735
10855,0.4873794464164481
10856,0.4856209000443814
10857,0.484261307437812
10858,0.4823725212075246
10859,0.4801244107000104
10860,0.4793390904768662
10861,0.4825365169043614
10862,0.4865189333584142
10863,0.4889066417380368
10864,0.4875490795542742
10865,0.4866415982275764
10866,0.4830680368956473
10867,0.4853168689047673
10868,0.4878028488507398
10869,0.4862491601794
10870,0.4871976351974975
10871,0.4843685072099705
10872,0.4858155790504537
10873,0.4896017228940421
10874,0.4962827388502706
10875,0.4954159306173485
10876,0.4962664156981194
10877,0.5038303469860299
10878,0.5013526329264786
10879,0.5020722646901984
10880,0.5044111290612056
10881,0.5059564703179663
10882,0.5032170996919328
10883,0.5085977825223162
10884,0.5168239384671092
10885,0.5167668643077425
10886,0.5163171720332018
10887,0.5180262686305586
10888,0.5170532050075825
10889,0.5173475018544128
10890,0.5175928621588745
10891,0.5190974493053758
10892,0.5207901276652904
10893,0.521763276849517
10894,0.5234642824245977
10895,0.525901052731191
10896,0.5242410614207214
10897,0.5226139499141644
10898,0.5231945003709321
10899,0.5239547861765073
10900,0.53386574846196
10901,0.53398024288986
10902,0.5401625383633446
10903,0.543441463161354
10904,0.5467614479809768
10905,0.5450766923475188
10906,0.543367811221789
10907,0.5459110775594316
10908,0.5430897681396756
10909,0.5386005640042794
10910,0.5346590285769187
10911,0.5373410962263518
10912,0.5368750130455165
10913,0.5391647608666345
10914,0.543392313168556
10915,0.5445536911232189
10916,0.5442264371433161
10917,0.5425174757806298
10918,0.5433350579232492
10919,0.546908671615397
10920,0.5503758832261569
10921,0.5524693059626988
10922,0.5533249550202614
10923,0.5539570442475483
10924,0.5578318461671216
10925,0.5535874707427891
10926,0.5533822994877587
10927,0.5506896830826095
10928,0.5497455633461955
10929,0.545181390789916
10930,0.5441550872201468
10931,0.5497456766842368
10932,0.5545316110186339
10933,0.556764454383405
10934,0.5609676462990757
10935,0.5494336802146347
10936,0.5387863594989833
10937,0.5363234639023529
10938,0.5454030016538984
10939,0.5528074890911414
10940,0.555286786815657
10941,0.5574212610831277
10942,0.5599330883828908
10943,0.5644728966463566
10944,0.5718202266225139
10945,0.5769920960159524
10946,0.5765979073711204
10947,0.5763598839678808
10948,0.5783548762251975
10949,0.576647345231581
10950,0.5722799475420469
10951,0.571327629379314
10952,0.5742666083752417
10953,0.5728792606608958
10954,0.5687089539810981
10955,0.5664514439024798
10956,0.568725401957499
10957,0.570079875948715
10958,0.5735852424857284
10959,0.5760397729836503
10960,0.5759167053104317
10961,0.576277843871506
10962,0.5762532542282373
10963,0.5549092811833944
10964,0.5651296961203848
10965,0.5677156693653738
10966,0.5691768388311823
10967,0.5705724353708699
10968,0.5752762824926964
10969,0.5730434330483758
10970,0.5708926127363239
10971,0.5670424944699726
10972,0.5653841582978102
10973,0.566435073961465
10974,0.5673543294240486
10975,0.5702605192634478
10976,0.5730597401660521
10977,0.5696857686635446
10978,0.5691767534256735
10979,0.5729612552625202
10980,0.5774682710961233
10981,0.5802674407739303
10982,0.581277168698179
10983,0.579504052769634
10984,0.5806450167270828
10985,0.5809077308224433
10986,0.5817269293916745
10987,0.5811996441511444
10988,0.5696474866197989
10989,0.5645388150587224
10990,0.5640772784482355
10991,0.5657253353727302
10992,0.5730670570409022
10993,0.5763051713410635
10994,0.5779120038259801
10995,0.5796339936955872
10996,0.5847839198680739
10997,0.5933945233476247
10998,0.5885576794303735
10999,0.5832019269833318
11000,0.584734451219906
11001,0.590180910170344
11002,0.5836552260095592
11003,0.5867202210492597
11004,0.5863660245615746
11005,0.5815951198702946
11006,0.5796093572815847
11007,0.5802190544745954
11008,0.5821472098256303
11009,0.5879478938287208
11010,0.5787195145832793
11011,0.5724655079677188
11012,0.5665986361240648
11013,0.568122883745731
11014,0.5642915085930642
11015,0.5671507388412865
11016,0.5674884614722865
11017,0.5672578266464415
11018,0.5652225688769696
11019,0.5678841046760096
11020,0.5640609313615574
11021,0.5534397932248044
11022,0.5513715460596466
11023,0.5515116615528579
11024,0.5501519474872579
11025,0.5482980448361227
11026,0.5489244224949623
11027,0.5630390810045044
11028,0.572803206048365
11029,0.5829875661045466
11030,0.584998371926798
11031,0.57803565003229
11032,0.5787605197197665
11033,0.5676781519169856
11034,0.5472269187869148
11035,0.5413105848639859
11036,0.5511242860850273
11037,0.5628907308096571
11038,0.5672001805167696
11039,0.5650412951117804
11040,0.553464602442511
11041,0.5494847450713001
11042,0.5586637673630394
11043,0.5602128978943979
11044,0.5648353145416246
11045,0.5603447494967446
11046,0.5481085207702173
11047,0.5444831654249124
11048,0.5434943062477361
11049,0.5402725782651879
11050,0.5384231799989981
11051,0.5405253447989306
11052,0.5448869666915405
11053,0.5543471318198822
11054,0.5577322087480321
11055,0.5550421933985709
11056,0.5554976056382865
11057,0.5560684805519782
11058,0.5521042326962542
11059,0.5499770586358833
11060,0.5473865562569844
11061,0.5467575599436894
11062,0.5488598201334338
11063,0.5526171884314978
11064,0.5490004089189294
11065,0.5480734765188378
11066,0.5480816846259187
11067,0.5393004766937982
11068,0.5449615026624255
11069,0.5421144011156949
11070,0.5499026242393154
11071,0.5566065593784719
11072,0.5615476482897102
11073,0.5665549311878036
11074,0.5696998843754085
11075,0.571810316525863
11076,0.5701219909703886
11077,0.5730600757865186
11078,0.5722576143678658
11079,0.5712063583602174
11080,0.5673411666437617
11081,0.5631614526839428
11082,0.565064929857751
11083,0.5655948442613286
11084,0.573614729216119
11085,0.5767597272033387
11086,0.5802524409164066
11087,0.5843657244670247
11088,0.5916573751624058
11089,0.5900019712348872
11090,0.5887027581280155
11091,0.5909456600006299
11092,0.5878584072985377
11093,0.5870308009584563
11094,0.5874447047790275
11095,0.5888019794666837
11096,0.5889922945257986
11097,0.591053046591697
11098,0.5945791005381434
11099,0.595108655313154
11100,0.5984441490497262
11101,0.5998013471123678
11102,0.6014070180938346
11103,0.6022594857220803
11104,0.6041053345557672
11105,0.6042210004222006
11106,0.6088312082885587
11107,0.6096587553891598
11108,0.6086077902663312
11109,0.6075481728191006
11110,0.6064473317878931
11111,0.6073920304739212
11112,0.611297771025938
11113,0.6134663352451256
11114,0.6124693115431612
11115,0.6080736021598228
11116,0.6094861785394495
11117,0.6037609627487213
11118,0.6054726305834346
11119,0.6072260875513174
11120,0.6038606621524651
11121,0.6038109348632924
11122,0.6068769751117777
11123,0.6097271014150599
11124,0.6074836271366497
11125,0.6080403125389666
11126,0.6081317029549064
11127,0.6083228134989925
11128,0.6072759125937297
11129,0.6097853509763252
11130,0.6081734172405237
11131,0.6088214186126986
11132,0.606877089508362
11133,0.609386558202343
11134,0.6109569442837737
11135,0.6083143298343805
11136,0.6068023761626765
11137,0.6061541744740322
11138,0.6080736573702431
11139,0.6069933832594524
11140,0.6106163860819048
11141,0.6129429349489055
11142,0.6143970569084841
11143,0.5991409927723005
11144,0.5928009444600761
11145,0.5946622440357326
11146,0.6003791971826244
11147,0.6112893158600881
11148,0.6173552077852894
11149,0.6131672559389297
11150,0.6100429528566753
11151,0.6098103218289493
11152,0.6133252181650701
11153,0.6080734783005738
11154,0.6002793451173413
11155,0.5964737233517724
11156,0.6072510219896815
11157,0.6140814584917735
11158,0.6113558520047405
11159,0.610367112315876
11160,0.6025562345994797
11161,0.6034037313129812
11162,0.6090125541078949
11163,0.6111813549768291
11164,0.6163085167597807
11165,0.6184270652087479
11166,0.618543531348511
11167,0.6184687444608331
11168,0.6193580359542544
11169,0.6274096944350972
11170,0.6319966040022393
11171,0.640006739688246
11172,0.6401313535855807
11173,0.6383532511808268
11174,0.6392216527868037
11175,0.6394300307656092
11176,0.6386544451804638
11177,0.6364189523794657
11178,0.637328073619536
11179,0.6412152901224654
11180,0.6382791108614148
11181,0.6372364228109356
11182,0.6412069178334527
11183,0.645852795703505
11184,0.6461115022083923
11185,0.6459780602237672
11186,0.6483217508453565
11187,0.6479715463379121
11188,0.648238458427237
11189,0.6498983254797782
11190,0.6448100753272645
11191,0.6502070560182754
11192,0.6497814774783103
11193,0.6512245419437221
11194,0.6514414347290334
11195,0.6545859455949273
11196,0.6571967491079513
11197,0.6555452767980307
11198,0.6584480452861853
11199,0.658364632807409
11200,0.6629690391904229
11201,0.6665806302286139
11202,0.666847491487669
11203,0.6711015859420754
11204,0.6746132645710146
11205,0.6793259669674387
11206,0.6830543820047783
11207,0.6824290341283319
11208,0.6764233971899275
11209,0.6725530341554814
11210,0.6716521216367837
11211,0.671635457615342
11212,0.6702257867734136
11213,0.6676649988547732
11214,0.6518167854602166
11215,0.6591569852915394
11216,0.6561124523668005
11217,0.6578557424855892
11218,0.6555536089050629
11219,0.6589150138510331
11220,0.663269248112606
11221,0.6705344362493703
11222,0.6718521782171166
11223,0.6711181413924342
11224,0.6670896543761462
11225,0.6599827296424158
11226,0.6597660330136905
11227,0.664770677767231
11228,0.6609085427649195
11229,0.6587815764723449
11230,0.6596823630424704
11231,0.6626185946052616
11232,0.660791900525858
11233,0.6592737447885821
11234,0.6612005590805011
11235,0.6620847800633072
11236,0.6630523550185077
11237,0.6653628969262396
11238,0.665556416584702
11239,0.6740537874924355
11240,0.6815549091006312
11241,0.6769421649999444
11242,0.6649033339565883
11243,0.6572432498771792
11244,0.6562803382833959
11245,0.6543966974022839
11246,0.6494823599337136
11247,0.6462257809010582
11248,0.6433877074537655
11249,0.6430612041758679
11250,0.6442247636441979
11251,0.6476909541471815
11252,0.6476407078560776
11253,0.6477661636142046
11254,0.649373438108036
11255,0.6564226027935386
11256,0.6509223171828487
11257,0.6490469259760073
11258,0.6542040623679611
11259,0.6595455510461027
11260,0.6584569523645272
11261,0.6565565391632037
11262,0.6574943219892672
11263,0.6605414884465703
11264,0.6670381477591334
11265,0.6706715535008865
11266,0.6739531978321692
11267,0.685657151105097
11268,0.6954187074534317
11269,0.7047702355917755
11270,0.7082778240790213
11271,0.7046444593569986
11272,0.7038073373038305
11273,0.7033131917158332
11274,0.7018651498018081
11275,0.6982734883677104
11276,0.6969255889390918
11277,0.6927062601126841
11278,0.7295507536710623
11279,0.7392035440634824
11280,0.7466711025816938
11281,0.7405681317301254
11282,0.739404410505602
11283,0.7436740447095554
11284,0.7388268918739962
11285,0.7322214718673125
11286,0.7342891409774999
11287,0.733535773284703
11288,0.7365664245481413
11289,0.7368592753973005
11290,0.7393877161588103
11291,0.7516943284329508
11292,0.7512840595017126
11293,0.7531760844838814
11294,0.7552523753261584
11295,0.7563824999051765
11296,0.7573702855751047
11297,0.7589107274131874
11298,0.7589526795240574
11299,0.7467799980967551
11300,0.7325395259211925
11301,0.7326650631196898
11302,0.7310235696808384
11303,0.7341065009255806
11304,0.7329136084347516
11305,0.7355177869704181
11306,0.734593954743161
11307,0.7348709402071802
11308,0.7394912568069771
11309,0.7430029103965401
11310,0.7432295997098742
11311,0.7382143945107867
11312,0.7338209650242142
11313,0.7298559134728516
11314,0.7280498328980634
11315,0.7278985265160612
11316,0.7245128960861605
11317,0.7227741812020414
11318,0.7273356877973552
11319,0.7369292125723114
11320,0.7384666256718465
11321,0.7451448230539309
11322,0.7427172553633461
11323,0.7518234771304182
11324,0.7537386994587197
11325,0.7526383200838673
11326,0.759375604432276
11327,0.7653064245230297
11328,0.7707837432086737
11329,0.7749000394766897
11330,0.7846280514733188
11331,0.7884250155088488
11332,0.7893996048475024
11333,0.7955403978083905
11334,0.8092755213736369
11335,0.8190285358396794
11336,0.8246569657282903
11337,0.8149877850349526
11338,0.8156514821057587
11339,0.8098719231813885
11340,0.80103444634034
11341,0.7752948808792792
11342,0.7490933284255112
11343,0.7530835306716468
11344,0.7265795544878757
11345,0.7192711037767281
11346,0.7339805336442726
11347,0.7228749097641597
11348,0.7280076354226614
11349,0.7425407991341495
11350,0.746321065688342
11351,0.741633719028546
11352,0.7380716574893397
11353,0.7350894931739134
11354,0.7353749352181621
11355,0.7482952997528477
11356,0.7575779802984667
11357,0.7517561393280571
11358,0.7348457773102038
11359,0.7282849259457165
11360,0.7272348616789205
11361,0.7285957891366359
11362,0.7288310057369903
11363,0.7443476331364246
11364,0.7570339697446764
11365,0.7618556175885886
11366,0.7580371169028541
11367,0.7527011818794582
11368,0.7543197139507503
11369,0.7532743135393888
11370,0.743580524030727
11371,0.740065381251249
11372,0.7377725832512588
11373,0.7257099127133491
11374,0.7149033580736176
11375,0.7187473124119941
11376,0.7209810962692046
11377,0.717069788701798
11378,0.7237881254362858
11379,0.7197334121027604
11380,0.7226669125478632
11381,0.727362166942643
11382,0.7387252978611378
11383,0.7281376456252935
11384,0.7311301338616362
11385,0.7508215910499654
11386,0.7471715683372863
11387,0.752127991968608
11388,0.7567642455630438
11389,0.7685316997775707
11390,0.7801561578592761
11391,0.7870767047151801
11392,0.7901280883612039
11393,0.7876329517988245
11394,0.7843285681539062
11395,0.7805606657663452
11396,0.7720300617505449
11397,0.7783689161025064
11398,0.784842741294988
11399,0.7861746639649498
11400,0.7811758205095634
11401,0.7797766940054323
11402,0.7654212973738369
11403,0.7571518766456399
11404,0.7581467595411924
11405,0.7488404369801007
11406,0.7475086365249916
11407,0.7557863847441076
11408,0.7579106798334435
11409,0.7617037068498275
11410,0.7581888160015945
11411,0.7558959594625452
11412,0.7552131943374859
11413,0.7546229920870817
11414,0.7644011338219197
11415,0.7663486434276309
11416,0.7582898817941085
11417,0.7606333600606109
11418,0.7548927190992849
11419,0.741970499425762
11420,0.7474664622772884
11421,0.749127239389286
11422,0.7538560019246074
11423,0.7636932234400995
11424,0.767031236090218
11425,0.7727969722018706
11426,0.7769122358211115
11427,0.7784429888620851
11428,0.783804582570124
11429,0.7874241645750588
11430,0.7875086822850916
11431,0.7856648845714381
11432,0.7836777444995333
11433,0.7761765207383757
11434,0.7748741091741066
11435,0.7770390000973756
11436,0.7868827793083226
11437,0.7968873532917523
11438,0.7956949612543569
11439,0.8016822427683051
11440,0.8061898640471492
11441,0.8026296008767101
11442,0.8107650714679657
11443,0.80228282188397
11444,0.8096824711887725
11445,0.8152302859510193
11446,0.8204143193506575
11447,0.825251642346179
11448,0.825995955255301
11449,0.8232642946058404
11450,0.8303596270224431
11451,0.8346133797942628
11452,0.8297169157365741
11453,0.832118619386415
11454,0.8337338616500801
11455,0.8322454676332427
11456,0.8331419021102251
11457,0.8348332607204331
11458,0.8388757491907466
11459,0.839873521696816
11460,0.8478144811685843
11461,0.8456496346092717
11462,0.8386050965275672
11463,0.8410406015278978
11464,0.8452943614342281
11465,0.8250909704480623
11466,0.8327613156577807
11467,0.8361948577892433
11468,0.8371675188822235
11469,0.8445672157038762
11470,0.8515017134841351
11471,0.8440597509016886
11472,0.8407531006384281
11473,0.8418948325845111
11474,0.8446432200918023
11475,0.8511549866434338
11476,0.8537259661718507
11477,0.8552987767957884
11478,0.8536498150754821
11479,0.8487954599168532
11480,0.8564067590378102
11481,0.8599080453208044
11482,0.864339295577798
11483,0.8682211042062448
11484,0.8728384380893749
11485,0.8769823381774742
11486,0.8810584983875364
11487,0.8851261608334776
11488,0.8748511933912849
11489,0.8685228476738907
11490,0.8620684111633218
11491,0.864434629542755
11492,0.8617121684570668
11493,0.8702274541047891
11494,0.8814825384740335
11495,0.8829668216437424
11496,0.8751637087092918
11497,0.8748075396830027
11498,0.8806343097731987
11499,0.8851296399435407
11500,0.8853246797537055
11501,0.8856724660529326
11502,0.8895909400109658
11503,0.8879117019115927
11504,0.8837216140415097
11505,0.8813383304527564
11506,0.8922795204404516
11507,0.8925086437957923
11508,0.8831619653275855
11509,0.8656306330819276
11510,0.8577087478135835
11511,0.8516783455950677
11512,0.8471660619982644
11513,0.8330104585349779
11514,0.8144696732244097
11515,0.8213482721287721
11516,0.8139693199306955
11517,0.818702253123407
11518,0.8268953148977971
11519,0.8193467061281668
11520,0.808481833330983
11521,0.8028500886152862
11522,0.781391708107982
11523,0.7781008506966096
11524,0.7784994311222012
11525,0.775072860840527
11526,0.7772866874594727
11527,0.776854005134202
11528,0.7849538259199318
11529,0.7854627947531644
11530,0.7962598129703222
11531,0.800475273877891
11532,0.7892709412884913
11533,0.8112637986528384
11534,0.8141304024426347
11535,0.8204917766752373
11536,0.8110940148678488
11537,0.7982954238646581
11538,0.7971079509971576
11539,0.8009502573587699
11540,0.8218826437284389
11541,0.8286001621408664
11542,0.8141643904369692
11543,0.8192192922448281
11544,0.8179726723234045
11545,0.8222895689075899
11546,0.8192280236216996
11547,0.8351138093214647
11548,0.844842253903993
11549,0.8511609794677425
11550,0.8581498248305275
11551,0.8424674112475655
11552,0.8139354204311593
11553,0.807230806786372
11554,0.7960926952701287
11555,0.8082347326080761
11556,0.8083539064601122
11557,0.803588948983103
11558,0.7901963470624659
11559,0.772872572013525
11560,0.7640064684296695
11561,0.7603561490622965
11562,0.7445555964553373
11563,0.7340984018211726
11564,0.7186976187525118
11565,0.7254278994021222
11566,0.7417220527100398
11567,0.7564592339323963
11568,0.7620069056947157
11569,0.7496691999649094
11570,0.7288057567385802
11571,0.7317158695514365
11572,0.7422326829226578
11573,0.7517964505675783
11574,0.7677587462548179
11575,0.7730937809928261
11576,0.7752633951533611
11577,0.7718173904614939
11578,0.777458642586691
11579,0.7860100309024174
11580,0.7981945823400025
11581,0.8131953079175471
11582,0.8142418814012861
11583,0.8108129157314835
11584,0.8132209771445102
11585,0.8241035962605809
11586,0.8190833781784405
11587,0.8241716050448116
11588,0.8291152780268972
11589,0.8383217475195113
11590,0.8424313634313434
11591,0.8373432482788848
11592,0.8369006220966403
11593,0.825694700312849
11594,0.8200363345240946
11595,0.8174071101470924
11596,0.8254223426352248
11597,0.8309956858109323
11598,0.8360157791865267
11599,0.8300596189497945
11600,0.8393173131313743
11601,0.8415634742812567
11602,0.8428993050122605
11603,0.8423292764089403
11604,0.8452051278965753
11605,0.851407973717601
11606,0.8472727731987707
11607,0.8458773238117591
11608,0.848515110273694
11609,0.8568706632718214
11610,0.8607079919530888
11611,0.8558581611036988
11612,0.8500125766239233
11613,0.8416919800953898
11614,0.8370574205059155
11615,0.8478202145407694
11616,0.8548617489300288
11617,0.8615703885647671
11618,0.8610668232519652
11619,0.8656672425039119
11620,0.839003264124476
11621,0.8367160327336118
11622,0.8350687461556127
11623,0.8316972216124834
11624,0.8254496430399855
11625,0.8189458820828932
11626,0.8360160848285269
11627,0.8387216720596248
11628,0.838977781926671
11629,0.8475044729493665
11630,0.8560736912881484
11631,0.8555359919647928
11632,0.8523353368345753
11633,0.8531377497466704
11634,0.8587878277914753
11635,0.8546142459916114
11636,0.8492541766158189
11637,0.8562273066636787
11638,0.8597523355008213
11639,0.8510208440108495
11640,0.8395667386569557
11641,0.831338877474522
11642,0.7908564967642313
11643,0.7734448238773863
11644,0.7716525164794815
11645,0.7736326249336228
11646,0.7831236638663366
11647,0.7989307600934622
11648,0.8103935490982309
11649,0.8078074639681029
11650,0.8115372435432879
11651,0.810461874920526
11652,0.8040860942973125
11653,0.808780411535556
11654,0.8039836772745315
11655,0.798597892601912
11656,0.7919490867861768
11657,0.7737605602275816
11658,0.7722755612192793
11659,0.7641756766496106
11660,0.7633136190102615
11661,0.7629807677452831
11662,0.769672300730705
11663,0.7713793486561562
11664,0.7790607793262878
11665,0.792128372427102
11666,0.7985552604351177
11667,0.7970018406498225
11668,0.802575318118454
11669,0.8040604564622539
11670,0.7978041685768372
11671,0.8028483731884896
11672,0.7987003320088363
11673,0.7952352046151195
11674,0.7999893394946607
11675,0.8116822210773402
11676,0.8076718845522828
11677,0.8143507606255536
11678,0.8195739848699656
11679,0.8170224978957323
11680,0.8102922181050041
11681,0.8092817741594307
11682,0.8055997634072419
11683,0.8007104104661673
11684,0.806884197880653
11685,0.8113538294476867
11686,0.8285391891870191
11687,0.8418799063214616
11688,0.8493039202446492
11689,0.8531741334266961
11690,0.845244978000044
11691,0.8527545482553157
11692,0.8577636617366644
11693,0.8663349854989196
11694,0.867362502369696
11695,0.8691864432737909
11696,0.8663008508773589
11697,0.8619850934348353
11698,0.8573014535205994
11699,0.8653417611906421
11700,0.8714726915883646
11701,0.8684756983108957
11702,0.8652561284633574
11703,0.8631067742552604
11704,0.8607351085476896
11705,0.8627387190296391
11706,0.8627986084682538
11707,0.8611802653787769
11708,0.8688953522835715
11709,0.8726542884256056
11710,0.8718579328244258
11711,0.871267093214988
11712,0.8699999725790104
11713,0.8740414860671346
11714,0.8714813282195347
11715,0.8669000780373395
11716,0.8550580118708757
11717,0.822519636684567
11718,0.8165085970906053
11719,0.8267837509139662
11720,0.8506567624659165
11721,0.8663264164427837
11722,0.8588084487190167
11723,0.8594249760978577
11724,0.8469319075111403
11725,0.8400047058260041
11726,0.8479337851095874
11727,0.8583630907889415
11728,0.8582689945233466
11729,0.8615313023323883
11730,0.8717123532141303
11731,0.859527666958191
11732,0.8525833433657344
11733,0.8568475430153714
11734,0.8585599716255741
11735,0.871095862752746
11736,0.871660953325727
11737,0.8525062071219448
11738,0.8622163391004853
11739,0.8811399691814621
11740,0.8943505223653353
11741,0.8927359403862731
11742,0.8838384387613162
11743,0.8894123682631435
11744,0.8986704305276888
11745,0.8966350041608515
11746,0.8877031515073208
11747,0.8873939146639964
11748,0.882721962008506
11749,0.8818888396054815
11750,0.8733091518578378
11751,0.8702001560013942
11752,0.8666189449024052
11753,0.8655368895383143
11754,0.8641626837693237
11755,0.8570343859908148
11756,0.8613886673888533
11757,0.8666447709933909
11758,0.8504213658631038
11759,0.8524825543307701
11760,0.8643687711237764
11761,0.8602549628739845
11762,0.8437139425645153
11763,0.8467714325997326
11764,0.848729517609834
11765,0.8666275472921035
11766,0.8628658085664273
11767,0.8666017525798643
11768,0.8658029990549012
11769,0.8763065220626236
11770,0.8827993710617521
11771,0.8778438789659357
11772,0.8664386844262163
11773,0.8633382021059608
11774,0.8538825206236964
11775,0.8419018390069802
11776,0.8445468997930248
11777,0.8608217951172746
11778,0.8742540604474957
11779,0.8763665962067818
11780,0.8851695373026544
11781,0.8918513410689086
11782,0.862702554130351
11783,0.8524396077586626
11784,0.849871667499766
11785,0.8396516263648224
11786,0.832909926775202
11787,0.8315184245166128
11788,0.8369378315688605
11789,0.851314653604334
11790,0.8536848889427103
11791,0.8436366535591697
11792,0.8408369358846481
11793,0.8454316236664223
11794,0.8504814495031243
11795,0.8538138462228058
11796,0.8631750730254978
11797,0.8735496131744286
11798,0.8846457008082298
11799,0.887179313333466
11800,0.8847746250914333
11801,0.8771137081781858
11802,0.8795958784290407
11803,0.8854100881329539
11804,0.8930278911227768
11805,0.8889428333889197
11806,0.8852902318022917
11807,0.8912342029911982
11808,0.9058356946127444
11809,0.9176373603229988
11810,0.9267685985420304
11811,0.92933577730184
11812,0.9209711217635566
11813,0.9199805018173488
11814,0.9352278657238856
11815,0.9379846694316104
11816,0.9385703622920024
11817,0.9355813030065104
11818,0.9356241944567024
11819,0.9344182473464568
11820,0.9308603366745644
11821,0.9353141721205442
11822,0.9263035172279764
11823,0.9307828738422989
11824,0.9353225578762322
11825,0.9400175707278068
11826,0.9426620798166064
11827,0.9452379844502984
11828,0.9461596176038958
11829,0.9472447714590464
11830,0.9531285955460784
11831,0.9533783525175
11832,0.9530424427591676
11833,0.9523617348484292
11834,0.9579354331855918
11835,0.9581077467247824
11836,0.9594430093979492
11837,0.9523447165166335
11838,0.9681263794337795
11839,0.9720461197108434
11840,0.9652578954770128
11841,0.9544726921330868
11842,0.958745288603809
11843,0.9772489183522208
11844,0.982383134684913
11845,0.8679065096973647
11846,0.8567161764921983
11847,0.8583615778665691
11848,0.8788467883343436
11849,0.8737125282454434
11850,0.8713608142113188
11851,0.8847216247282956
11852,0.8890202261706603
11853,0.8830676027278496
11854,0.8755302016930624
11855,0.8777095578391897
11856,0.8624104487891376
11857,0.8527364247485094
11858,0.8495836443449514
11859,0.8424335954478401
11860,0.8124640867604294
11861,0.8272723331425081
11862,0.833750362347375
11863,0.844466708334813
11864,0.8340260511824676
11865,0.8138941444247665
11866,0.7880677637394113
11867,0.8132532800106462
11868,0.799001158608935
11869,0.7753627358412291
11870,0.7929164275450435
11871,0.7607042402624564
11872,0.820349190446773
11873,0.8224668655434384
11874,0.7895285157372745
11875,0.7577138017678966
11876,0.7249657588403546
11877,0.7098837377401489
11878,0.7047237898640692
11879,0.731093420031332
11880,0.7432195855160606
11881,0.7621131147976641
11882,0.7776011520683637
11883,0.7732798509108721
11884,0.7901248098322304
11885,0.7875493678224876
11886,0.80829232960586
11887,0.8240398775277193
11888,0.8418183653492144
11889,0.8551111610260844
11890,0.848594390417367
11891,0.8633307141566008
11892,0.8619217548550444
11893,0.8896744288088417
11894,0.9046872293843324
11895,0.9070553864771448
11896,0.8902016599205091
11897,0.9069342649375074
11898,0.9214112217447232
11899,0.9194493773569036
11900,0.930132173655171
11901,0.9191122825496456
11902,0.897824740998333
11903,0.8833303274930491
11904,0.866165510415003
11905,0.8738835818512646
11906,0.8967789055752385
11907,0.8977209059920249
11908,0.9002619722642908
11909,0.8861481446506464
11910,0.8904782698976363
11911,0.9087754077892478
11912,0.903278381002514
11913,0.8910573555096142
11914,0.8920858908552085
11915,0.9138747141122858
11916,0.910866813755564
11917,0.8621897748709643
11918,0.8280847468310064
11919,0.8312827108800644
11920,0.8183008784076785
11921,0.8003841024652024
11922,0.8300293522462988
11923,0.8429160898282465
11924,0.8482918637158932
11925,0.8417404916249096
11926,0.8362695807762321
11927,0.8372549492454738
11928,0.8373672903798014
11929,0.8430553349809964
11930,0.841078399876551
11931,0.8246809193691167
11932,0.8063585720618228
11933,0.8054740165039257
11934,0.801112523659864
11935,0.8218367770973153
11936,0.8221489220360093
11937,0.8183769440653208
11938,0.8224436955482064
11939,0.8141713029415962
11940,0.8227992991254879
11941,0.8077113619299464
11942,0.7939933519171938
11943,0.8019450434219368
11944,0.8047805625532921
11945,0.8164519700217124
11946,0.8325458220720381
11947,0.8425263736841704
11948,0.865409835605979
11949,0.8648809155797612
11950,0.8763616135856984
11951,0.889663363536048
11952,0.8912068827050802
11953,0.8936955164884602
11954,0.900806034952774
11955,0.9209232063473566
11956,0.9217730689898452
11957,0.9232817953696588
11958,0.9254150805924664
11959,0.9402081105085516
11960,0.9439887227925908
11961,0.9473357854450246
11962,0.94016474250469
11963,0.9434339439419784
11964,0.9477088194191158
11965,0.9534666081275964
11966,0.9453154395079922
11967,0.9606290071554668
11968,0.9790119007641946
11969,0.9790814871000412
11970,0.9770956976255696
11971,0.9085320506178372
11972,0.8942244722521745
11973,0.8919439007170583
11974,0.8910767788711234
11975,0.889992818540739
11976,0.8986988495003756
11977,0.8987680949157266
11978,0.897822981662676
11979,0.9081070699892942
11980,0.9118358673789884
11981,0.8992971180164813
11982,0.891813900532127
11983,0.8893251552814531
11984,0.8855272264695248
11985,0.8772114003379373
11986,0.8351905151167657
11987,0.8463417987348372
11988,0.8417633057050221
11989,0.8387110503473802
11990,0.8418847471488987
11991,0.832129535719626
11992,0.814544253401642
11993,0.8114968956431714
11994,0.8206414595452036
11995,0.8126628566056132
11996,0.8169348475550838
11997,0.8221900666734497
11998,0.8026136500153134
11999,0.7874572088958965
12000,0.7879009095389965
12001,0.7969670172635809
12002,0.7955922159361875
12003,0.7830981304893576
12004,0.7861607719629327
12005,0.7756592095428642
12006,0.7708998975681725
12007,0.7846729611418125
12008,0.784159573561966
12009,0.8006212558285833
12010,0.8079034706202588
12011,0.8077557639832561
12012,0.8202758302153155
12013,0.8236256200608932
12014,0.8192318145490914
12015,0.8192753746088104
12016,0.8223900864916345
12017,0.8278454969885636
12018,0.8240433165742577
12019,0.8180921713669462
12020,0.8117580689024069
12021,0.821720159117489
12022,0.8265229959471946
12023,0.8235125711268554
12024,0.8217637674055605
12025,0.8278106607476559
12026,0.83595445925028
12027,0.8357543721386915
12028,0.8468389195612556
12029,0.8270275853296298
12030,0.8124279820343872
12031,0.8031530756340514
12032,0.8138722076018199
12033,0.8236517278527185
12034,0.8327003778910944
12035,0.8260270223861912
12036,0.8230688387312987
12037,0.8462906270231452
12038,0.8371550934251893
12039,0.8433760592838747
12040,0.838529791562168
12041,0.8408180443424924
12042,0.8483702714928748
12043,0.8419404879051471
12044,0.8257311670206094
12045,0.8112011269177895
12046,0.8075121097066076
12047,0.7997511250867172
12048,0.794147940129604
12049,0.7948352792037235
12050,0.7923990303429391
12051,0.8070770747737189
12052,0.8238693528206804
12053,0.8381122294409892
12054,0.8321436280307746
12055,0.8354932001534526
12056,0.8319085856167837
12057,0.8249481142461345
12058,0.8348516179718681
12059,0.8415919100069685
12060,0.8423165150975196
12061,0.8450666331103844
12062,0.8449968943889882
12063,0.8533435537219239
12064,0.8631481086025063
12065,0.8718615388155269
12066,0.8649816228035855
12067,0.8598565501407527
12068,0.8561198872591121
12069,0.8598740959186005
12070,0.8660467502471869
12071,0.867513560677956
12072,0.8635237180898335
12073,0.8668150367585695
12074,0.8713288819656525
12075,0.8732846452211407
12076,0.8786540352567404
12077,0.8843203666124054
12078,0.8885809401939736
12079,0.8934876620220255
12080,0.9164059296459334
12081,0.9180211765274772
12082,0.9068020842803028
12083,0.9054575251389776
12084,0.9142145388342976
12085,0.9113856285078048
12086,0.91341133525741
12087,0.907317145493409
12088,0.9037725531879418
12089,0.9009174592472956
12090,0.88455601227879
12091,0.8883888052519714
12092,0.9041479498731934
12093,0.91457240573355
12094,0.9085918184407468
12095,0.9062171357851382
12096,0.8966918249248786
12097,0.8889126691384965
12098,0.8932343720469115
12099,0.8894190905934549
12100,0.8869133223416338
12101,0.88221618501449
12102,0.8881968158422744
12103,0.8944654319355008
12104,0.8931208702361483
12105,0.8925883715330755
12106,0.8778944169245197
12107,0.8574469558129549
12108,0.8595685801642352
12109,0.8597780793216224
12110,0.8620131563994051
12111,0.8500344906905399
12112,0.850898821932512
12113,0.8557706154679682
12114,0.8462278749830132
12115,0.8406663625249547
12116,0.8509773830634134
12117,0.8585907046119156
12118,0.8572800342062987
12119,0.8435263802869021
12120,0.8320591686498803
12121,0.833881256993647
12122,0.8374115199794117
12123,0.8399521804390409
12124,0.837534373830124
12125,0.8363341298755027
12126,0.8374904662524828
12127,0.8389359095984562
12128,0.8423174800055557
12129,0.8410208605310325
12130,0.8457514593594526
12131,0.8495447141918387
12132,0.860792939309853
12133,0.8599607869360532
12134,0.8535131059729493
12135,0.848108033343587
12136,0.8539687205449751
12137,0.8569384573588684
12138,0.8532678970459434
12139,0.8511915941610493
12140,0.8584452601692181
12141,0.8639554951762638
12142,0.870131531946072
12143,0.8741699526566447
12144,0.8902538976333896
12145,0.9090974308991684
12146,0.9068722882680138
12147,0.902124186647666
12148,0.9026586036197723
12149,0.8993121820290249
12150,0.8943625452248243
12151,0.898366087464862
12152,0.8987339982226388
12153,0.9027548418228336
12154,0.8907270325989395
12155,0.8725756248307388
12156,0.8791107705072297
12157,0.8796889452703703
12158,0.8736882026190883
12159,0.8442621577698306
12160,0.841441467257645
12161,0.8513843576555764
12162,0.8546345254533637
12163,0.8437278382657245
12164,0.8513844521546196
12165,0.852864920388495
12166,0.8481080328792504
12167,0.843097123829914
12168,0.8459529507559244
12169,0.8506310422933998
12170,0.8597155303834079
12171,0.8541438570930624
12172,0.8490716349533382
12173,0.8434213130027974
12174,0.8445162427592809
12175,0.8485547909480854
12176,0.8386205534630111
12177,0.834520813281501
12178,0.8377795736352202
12179,0.843622775211671
12180,0.8410120486148329
12181,0.8404264606202481
12182,0.8473623489075461
12183,0.856742085242423
12184,0.8579991778714271
12185,0.849603978303172
12186,0.8494984843452289
12187,0.846368944415871
12188,0.8433097932483827
12189,0.8431515484272817
12190,0.8443823000313186
12191,0.8433449490308657
12192,0.8423252301533674
12193,0.8429317138837351
12194,0.8443822302843431
12195,0.8521181486230943
12196,0.862069296616352
12197,0.8587551419513045
12198,0.8591771660178374
12199,0.8696821972690335
12200,0.8713172748168407
12201,0.8787806509183537
12202,0.8790003195146504
12203,0.8783146810587573
12204,0.8773652614393365
12205,0.8731105365459585
12206,0.8670625221087358
12207,0.8605749115945177
12208,0.8689964974587754
12209,0.8679415095048875
12210,0.8703766114483428
12211,0.8644428361504086
12212,0.8701041573568318
12213,0.8791674068429115
12214,0.8767410897288067
12215,0.8864989675674176
12216,0.8902966023013228
12217,0.8943666558905919
12218,0.8962126667314699
12219,0.8992280038296296
12220,0.8995004452225719
12221,0.894524858061576
12222,0.8494017911418295
12223,0.8472832184630219
12224,0.8416043891056325
12225,0.8373232178185526
12226,0.8425625931952362
12227,0.8562321919455204
12228,0.8642494012402556
12229,0.8720204642784899
12230,0.8827101530750922
12231,0.8813035707674557
12232,0.8720028868882697
12233,0.870886463329454
12234,0.8770751914521229
12235,0.872776481120172
12236,0.8651109288115224
12237,0.8671152206078385
12238,0.872055547143206
12239,0.8769433276160019
12240,0.8803981549004346
12241,0.8832903558450258
12242,0.8918964761972281
12243,0.9005905116494235
12244,0.9030431444717728
12245,0.9170779103192832
12246,0.919512041756387
12247,0.9128711299021536
12248,0.9125360118231842
12249,0.9143263357598658
12250,0.9209053711367936
12251,0.9236305992327628
12252,0.9217344194171074
12253,0.9137707168126604
12254,0.9154904465108892
12255,0.9090436042397751
12256,0.9003302984505785
12257,0.8918903163200651
12258,0.8850907368348498
12259,0.8793406261434997
12260,0.8836090922765721
12261,0.8767213370196607
12262,0.8610319882397687
12263,0.8549467590862169
12264,0.8529448217778269
12265,0.857169204381195
12266,0.8599472977900526
12267,0.8462157858694828
12268,0.8346009119958205
12269,0.8341158738194667
12270,0.8428909463060683
12271,0.8514543100822979
12272,0.8520187839041782
12273,0.8433406548566625
12274,0.8485881577798694
12275,0.8648153759466539
12276,0.8697189822573261
12277,0.8682990056752752
12278,0.8677523117688046
12279,0.867954999435655
12280,0.8667644265620519
12281,0.8524245300219092
12282,0.8404656832452383
12283,0.8498933486743258
12284,0.8541531614442581
12285,0.8617199120737878
12286,0.8701157992487375
12287,0.8530153874363221
12288,0.8577160187567308
12289,0.8590124139116404
12290,0.8605734198331408
12291,0.861746296178302
12292,0.8604058994387269
12293,0.859065411484605
12294,0.8600972148817088
12295,0.8703450787258287
12296,0.8790142884129325
12297,0.880522360115518
12298,0.8663234871839397
12299,0.8645772857984233
12300,0.8646037708902078
12301,0.8652299354288355
12302,0.8614112323095816
12303,0.8473975320078551
12304,0.8442932029216756
12305,0.8541795657674425
12306,0.8559079626438916
12307,0.8672583747022871
12308,0.8776650416319948
12309,0.8597620012688325
12310,0.8681425038971253
12311,0.8666645246628307
12312,0.8809313510472162
12313,0.8831617170953501
12314,0.8800287135578356
12315,0.8931095664462814
12316,0.90836773435348
12317,0.8981012753428722
12318,0.8931185146343845
12319,0.8815597760734696
12320,0.8766212022360641
12321,0.8840910478911743
12322,0.8844095918156251
12323,0.8891004019689409
12324,0.8960213779358747
12325,0.8927643925733277
12326,0.8866310235234178
12327,0.8890737461684736
12328,0.8934016457110354
12329,0.8868788977514894
12330,0.8919590270717985
12331,0.905057704617022
12332,0.918952766261288
12333,0.9246966927042722
12334,0.925581801504047
12335,0.9276793410931532
12336,0.9207671145305064
12337,0.9272545390898423
12338,0.9372820886223966
12339,0.936538676066185
12340,0.9191121006401142
12341,0.9098280088537908
12342,0.9044204647568058
12343,0.8967028676297832
12344,0.8947557415760713
12345,0.8972958015456902
12346,0.8955788522531075
12347,0.8997030957336712
12348,0.9398841151150752
12349,0.9475838340100924
12350,0.9526198458561674
12351,0.9636917418650588
12352,0.9804012598699378
12353,0.9660282270626892
12354,0.9580716089736032
12355,0.949699249654212
12356,0.9587885409394072
12357,0.9542216987109284
12358,0.9434242754350096
12359,0.937653694651287
12360,0.9349277941186556
12361,0.9426630636543464
12362,0.9393530617345778
12363,0.9541067840235912
12364,0.9536907318083644
12365,0.9585496048898235
12366,0.9604613363973574
12367,0.9647449205656328
12368,0.9642582578178068
12369,0.9680814821386002
12370,0.9538235579448
12371,0.9417770862896334
12372,0.9211764112139312
12373,0.9088160879146252
12374,0.9123679123879164
12375,0.9138951460545957
12376,0.9209188994903974
12377,0.925456373669304
12378,0.9251633338140748
12379,0.9376568570054994
12380,0.944662933769628
12381,0.9349486509189416
12382,0.931778549168003
12383,0.9383049335475656
12384,0.944476304765519
12385,0.9569521211841676
12386,0.9558689508172444
12387,0.9491648856210504
12388,0.9491223672501878
12389,0.9438253452883452
12390,0.949286104818379
12391,0.9671617861638522
12392,0.9869665684009092
12393,1.0
12394,0.9903340158377306
12395,0.97831094650508
12396,0.9803043312808728
12397,0.9885138018996348
12398,0.964931810566124
12399,0.9501416876460164
12400,0.967325503362186
12401,0.9736054069877792
12402,0.940157315224862
12403,0.931010317320614
12404,0.9327304406550402
12405,0.9244298453403466
12406,0.9202705070832652
12407,0.9066909376638942
12408,0.8974255354416114
12409,0.9014849214361222
12410,0.9104134914088556
12411,0.9267963634641468
12412,0.929781631325419
12413,0.921298890312908
12414,0.9160018498732808
12415,0.9104772351612084
12416,0.9034780737076776
12417,0.9052710837851912
12418,0.9115966757235222
12419,0.9258224218477488
12420,0.9208984188380244
12421,0.9076192953914812
12422,0.9137173397247456
12423,0.930045437704294
12424,0.9345144240749872
12425,0.926059048062272
12426,0.9204342142639316
12427,0.9260135291584136
12428,0.9242113418398996
12429,0.9243661604348916
12430,0.9132713812738844
12431,0.9198972480011202
12432,0.930982977486262
12433,0.936307413389332
12434,0.934085565183176
12435,0.9157660040884265
12436,0.9024327793114704
12437,0.8883689032813957
12438,0.868752640172772
12439,0.8627253264227239
12440,0.8524148947194196
12441,0.8623691506718334
12442,0.8629810201849282
12443,0.8620952357922491
12444,0.87602200695118
12445,0.9040218339359511
12446,0.9107524182493076
12447,0.9032638560832068
12448,0.9010721356924608
12449,0.9019122628061382
12450,0.9065880537044037
12451,0.9032638295907728
12452,0.9020035364567994
12453,0.8986429167546801
12454,0.8994557244672271
12455,0.8881498242306199
12456,0.8716932535748312
12457,0.8570267945544564
12458,0.8501774585464028
12459,0.867273247260977
12460,0.8615107007871584
12461,0.8652915506949029
12462,0.862515273660685
12463,0.8741316589443304
12464,0.8816383574820178
12465,0.8842502938513068
12466,0.8895744051165245
12467,0.8874831540281329
12468,0.8870721913062822
12469,0.8887525981238679
12470,0.8898210587693917
12471,0.8908895361258674
12472,0.8905972581747146
12473,0.9111998565096856
12474,0.919912085746214
12475,0.9305239835081904
12476,0.9383503222794606
12477,0.9401493529565622
12478,0.9474279198147324
12479,0.9547246791266064
12480,0.9661401159683456
12481,0.9732450306108912
12482,0.967053433568582
12483,0.961089955634624
12484,0.9627155686325448
12485,0.957281643677206
12486,0.9418481025097168
12487,0.9411996045090882
12488,0.9462771860223153
12489,0.9370627327224046
12490,0.924295652832532
12491,0.9248801170369402
12492,0.9262773980079824
12493,0.9237933987243206
12494,0.9277567612307184
12495,0.9204508993481328
12496,0.9336288951014722
12497,0.9466052973222296
12498,0.9569046344505012
12499,0.9661043364961636
12500,0.9490150849926018
12501,0.9468159038568416
12502,0.9438288125616998
12503,0.9324390532285818
12504,0.9190975346163746
12505,0.9015317693597976
12506,0.8834895262605169
12507,0.8680587534587708
12508,0.857282993444887
12509,0.8494759630933446
12510,0.8446103743825367
12511,0.8404319318679636
12512,0.8322859666547195
12513,0.8238925387271153
12514,0.8325516553369787
12515,0.8559542900706675
12516,0.8629549209662737
12517,0.848046465149116
12518,0.8216841096553038
12519,0.8124476922383829
12520,0.808929048803096
12521,0.8123469326998397
12522,0.8109174668746275
12523,0.8284374248941231
12524,0.8328265717220723
12525,0.8518675279720224
12526,0.8301784004721833
12527,0.8200347775874576
12528,0.814967538911937
12529,0.8249462097525633
12530,0.8244422943149614
12531,0.8406519400310747
12532,0.8491277319768394
12533,0.8551204438146696
12534,0.8615162949208477
12535,0.8606641411188882
12536,0.8455816254836762
12537,0.8173867371588253
12538,0.8110274221990421
12539,0.807215592323862
12540,0.8046956811159051
12541,0.8018917888057651
12542,0.8233793011606446
12543,0.8346683893640109
12544,0.8287397662216908
12545,0.8190818386031851
12546,0.8158197515786252
12547,0.8054928846983999
12548,0.8156639952383956
12549,0.8441246994906377
12550,0.8565499739364777
12551,0.863917033138994
12552,0.8696990284713301
12553,0.8686910334728163
12554,0.8726678735720639
12555,0.896629513461942
12556,0.920389522986396
12557,0.9153131524496324
12558,0.9072586785278468
12559,0.8957497715033131
12560,0.8983796039958819
12561,0.9047047389060304
12562,0.9092297800073142
12563,0.9238255078909292
12564,0.9421552835040624
12565,0.9306037867095948
12566,0.9234852110864028
12567,0.9130649006089038
12568,0.9146468436665688
12569,0.915327403211745
12570,0.9265110521078976
12571,0.927467584676562
12572,0.9322316928378064
12573,0.9347976144215632
12574,0.9362415417660466
12575,0.9396629116427784
12576,0.9354322833189384
12577,0.950211970622406
12578,0.94618358911319
12579,0.9418702308832606
12580,0.945742193175864
12581,0.9404906548035984
12582,0.9365267417154444
12583,0.9386328534539042
12584,0.9392306710217716
12585,0.935331060600286
12586,0.9392306247154256
12587,0.9346504535170096
12588,0.9304382391230044
12589,0.9288195214144954
12590,0.9233932588053508
12591,0.9108760103428026
12592,0.9001062641048428
12593,0.9093952726529052
12594,0.9202294985114916
12595,0.9217102023020934
12596,0.9206708773860408
12597,0.9289666817171476
12598,0.9007500300974064
12599,0.9075650522699192
12600,0.911391087219646
12601,0.9215538262394708
12602,0.92242755474197
12603,0.9079881631562088
12604,0.9047415088136866
12605,0.9082180278610594
12606,0.8997291165520074
12607,0.891681645030673
12608,0.8879017167684461
12609,0.8925186479085628
12610,0.8847286488552603
12611,0.8821810590280768
12612,0.8802864994059637
12613,0.8704363761221491
12614,0.8741060362384835
12615,0.8656630758230794
12616,0.8522813264893335
12617,0.852833174936799
12618,0.8668494966741019
12619,0.869010872115949
12620,0.8685877989333232
12621,0.8648537587951398
12622,0.8617753445053831
12623,0.8508067712365505
12624,0.8500866255868761
12625,0.8581837708679041
12626,0.8558663232823478
12627,0.8678597782199932
12628,0.8734640760236624
12629,0.8748397583541984
12630,0.8830015808740636
12631,0.8870455155311268
12632,0.8753660555020936
12633,0.8790499454309406
12634,0.8944502785560442
12635,0.8909787119470001
12636,0.893471579175622
12637,0.9008116818835876
12638,0.9083917894329708
12639,0.9091212175429848
12640,0.9162304290605456
12641,0.9237552274459176
12642,0.9347330271087904
12643,0.9350192406858232
12644,0.935656290282109
12645,0.939275547592742
12646,0.9404481201060272
12647,0.9437073065098772
12648,0.9433472514693976
12649,0.940392753532606
12650,0.9462279204542976
12651,0.9585352024479792
12652,0.9675464621675494
12653,0.9659029955318892
12654,0.9630870155749676
12655,0.9516567815983652
12656,0.9619050967945192
12657,0.9714980734860356
12658,0.9761884024347502
12659,0.9727722371726696
12660,0.975034255018552
12661,0.9438088804369862
12662,0.9372812474414643
12663,0.9281592567883544
12664,0.9205975593624126
12665,0.9228872935425348
12666,0.9240875900297014
12667,0.9281592457593116
12668,0.9272821253592598
12669,0.9231365815410344
12670,0.9239583102784908
12671,0.9250754763314964
12672,0.929027134643686
12673,0.9280022999707336
12674,0.9153256458254148
12675,0.9044124815980134
12676,0.8936839853208138
12677,0.8906094046824667
12678,0.8849681723513851
12679,0.8845896126636644
12680,0.9061390249232456
12681,0.9251585690384484
12682,0.9339389762216884
12683,0.930070461099356
12684,0.9255371196268288
12685,0.9240675172654498
12686,0.9287840305337122
12687,0.9272365699858194
12688,0.9272087723939956
12689,0.9425073453102548
12690,0.9425814627956772
12691,0.9548685215307838
12692,0.9507913670136308
12693,0.948873234203656
12694,0.9549889589098048
12695,0.9530801155290408
12696,0.9458060965605328
12697,0.9501983422952816
12698,0.9559619029019616
12699,0.9585008438829477
12700,0.9741422914694648
12701,0.9676929956614304
12702,0.9604467884239076
12703,0.9587324999075872
12704,0.9513844058711416
12705,0.9536824438157624
12706,0.954627561937772
12707,0.9609471450767364
12708,0.9584731028477704
12709,0.9608174324076664
