,avg_price
0,0.03746474503823335
1,0.04478494130941362
2,0.04324384893336716
3,0.043587465576303414
4,0.041473689814289554
5,0.0404636267155715
6,0.040317847557857805
7,0.03890172022823136
8,0.03766257156577271
9,0.03698570595310233
10,0.037766712402637875
11,0.038245695524609116
12,0.03703780574795734
13,0.03852686288973993
14,0.03753759675616914
15,0.03999502014430586
16,0.04022412619523225
17,0.041005123622590636
18,0.04292104967614098
19,0.044368413114012926
20,0.046700931481827135
21,0.04460792783249973
22,0.0438789865144858
23,0.04309809707281895
24,0.040932188138693114
25,0.04157781418622335
26,0.04168194987489482
27,0.04123419723582032
28,0.041213326292270015
29,0.042098422191199636
30,0.04346254678722528
31,0.04473290601459405
32,0.0451493838965974
33,0.04694042757752967
34,0.04627400608177886
35,0.04658636947745242
36,0.046596788047564834
37,0.04584707434548197
38,0.04368117544620507
39,0.042931502292531495
40,0.0434625072643968
41,0.04320218378545028
42,0.043327166750883564
43,0.04258783382325394
44,0.04164025253569127
45,0.04139038294828122
46,0.040380333836422526
47,0.04082803243877093
48,0.041661095349809364
49,0.04169235575570693
50,0.04042198507387722
51,0.04065107135243701
52,0.03951605196313383
53,0.03774584117782326
54,0.03732936513721197
55,0.03776671035292437
56,0.03827692679219135
57,0.03910147250825948
58,0.03855833499909549
59,0.039237287792892137
60,0.03927902350318556
61,0.038370298156738335
62,0.03761826743645412
63,0.038318101518942764
64,0.040229582531112834
65,0.04128453361202306
66,0.04169191919896198
67,0.04068913977870265
68,0.03971773194203219
69,0.038600115346018884
70,0.03843300942432742
71,0.039571515501111945
72,0.04022958097603446
73,0.04020866596687692
74,0.04154570502055487
75,0.04158743282755287
76,0.03994752334366945
77,0.040960760724227344
78,0.041577044905718605
79,0.04158744521965456
80,0.04231864068374164
81,0.04165014776966057
82,0.041650134792027796
83,0.04061605424050525
84,0.041900823054715534
85,0.03959241611529615
86,0.03834944810304987
87,0.03477716612994417
88,0.03440110764294775
89,0.032928377616367646
90,0.032176284465210786
91,0.029063567672067137
92,0.029523194429366635
93,0.02933515017920558
94,0.030557258554540657
95,0.031215327736829647
96,0.03095416616842808
97,0.03024388987049697
98,0.030337918067772245
99,0.033680408217655895
100,0.03289698890285323
101,0.03245831639686803
102,0.030254346613791165
103,0.031204850650622114
104,0.03051547476298099
105,0.03116309763779172
106,0.030745249449447506
107,0.024979479828577438
108,0.029199388402835515
109,0.03220761122359957
110,0.031654021264602525
111,0.03219720796521692
112,0.0331267770431751
113,0.03413998877305911
114,0.0342757812433212
115,0.03251053127621758
116,0.029940980973862302
117,0.027956409531990925
118,0.029450059341693882
119,0.030505035081407048
120,0.031439848677964906
121,0.03460532061995034
122,0.03582123971914571
123,0.03425943538729883
124,0.0353285928420789
125,0.037309676459340774
126,0.03766602102220509
127,0.03857792981868232
128,0.03613565571693644
129,0.03499315403580515
130,0.03681699444507741
131,0.0373829841282107
132,0.037152450305797766
133,0.037487802142682325
134,0.03755074798575729
135,0.0377917822562511
136,0.039888149980807475
137,0.040003427003021536
138,0.03980428777275144
139,0.039531733889905295
140,0.03958417671744633
141,0.03984623779881514
142,0.040003418924734725
143,0.040642824807663715
144,0.03964708644804032
145,0.039290681885310035
146,0.03982527223477375
147,0.04050655023342474
148,0.03998246550880496
149,0.04001390700547562
150,0.03898668759413458
151,0.039039141075587064
152,0.0389971695948899
153,0.03987766483900297
154,0.040422699556093886
155,0.04098871296492851
156,0.040726661198802826
157,0.03849410877856851
158,0.035863124268366235
159,0.03484639653833014
160,0.040789563794370556
161,0.04812680445996487
162,0.049678095183464395
163,0.04822117749895903
164,0.047854277755785546
165,0.048179206844088905
166,0.04916450164424288
167,0.05027555601464201
168,0.04937413841837226
169,0.05029652999999756
170,0.04912259872853732
171,0.04775991000402934
172,0.046135270213326425
173,0.046502127117354033
174,0.04880812012803638
175,0.05101983177356716
176,0.052958918651650436
177,0.0524033624128901
178,0.05237193766752316
179,0.05381837974560415
180,0.055023799099889456
181,0.056952464520370664
182,0.05796918297241922
183,0.05715163225784812
184,0.057738618309128624
185,0.058178206633333285
186,0.057989060359777786
187,0.05627624939822957
188,0.05422717549199848
189,0.05367021798869132
190,0.053081783600876085
191,0.054143146075658045
192,0.05377536282100177
193,0.05384888047321744
194,0.05385940651885156
195,0.05265094973698964
196,0.051978495693128055
197,0.051694717687739006
198,0.052304222156982834
199,0.05293469108021375
200,0.0538278874630262
201,0.054679053060651524
202,0.05516239815545338
203,0.055320025078793446
204,0.05650744109563003
205,0.05638133737969267
206,0.05396449904079379
207,0.05360718699025355
208,0.05293465598111156
209,0.05155813955551677
210,0.04835316754389349
211,0.04760708738038024
212,0.050475786896537596
213,0.05290320612278879
214,0.050759496960910096
215,0.04979279235467326
216,0.04797490661007758
217,0.04744947576565147
218,0.05157913990882642
219,0.05088559390286514
220,0.049771751985316706
221,0.052157076039755085
222,0.050633403028440285
223,0.0489310594015806
224,0.04919379786604577
225,0.04793286246041972
226,0.04734438020048446
227,0.04458077275824724
228,0.04223746955091635
229,0.04088192994972701
230,0.039284665546626484
231,0.0390640379129178
232,0.038927409339957725
233,0.03850709231074498
234,0.04077685351556268
235,0.04231100976175078
236,0.04121818782269857
237,0.03971553627311778
238,0.039831106944237527
239,0.04007278965132928
240,0.04057719374276636
241,0.038486079952672426
242,0.036951929856876835
243,0.03633191685576729
244,0.0365946437261415
245,0.03693090927883673
246,0.0362145241610128
247,0.034801929615517375
248,0.030954181799035075
249,0.030722254482263518
250,0.03197673204979918
251,0.03305197112533345
252,0.03403237974295051
253,0.03376884186918489
254,0.033926970263652656
255,0.0338426456397487
256,0.03303092060197269
257,0.03226135389585649
258,0.03391641150593915
259,0.03629889360912009
260,0.03610913671314118
261,0.03603532247639397
262,0.03575071047253008
263,0.030174090319384925
264,0.02967861762851591
265,0.030342797074169068
266,0.02917262133221042
267,0.02929911797582142
268,0.031080703161727577
269,0.033526391732209414
270,0.033368240874174906
271,0.03422215691930218
272,0.0332101419520383
273,0.032451108837519574
274,0.03199783432312984
275,0.032398420583009124
276,0.03304145420969008
277,0.03526580793692154
278,0.03685759491929335
279,0.03702627531441568
280,0.03715274244743931
281,0.03802772167221511
282,0.03723708445871999
283,0.03541335772723326
284,0.035835031300711515
285,0.03919789446506377
286,0.0408634902652169
287,0.040968893636873116
288,0.04401546042548843
289,0.04716746066842524
290,0.047705100520238845
291,0.04899125338033383
292,0.050003201462571416
293,0.05073063693567212
294,0.051352591761652716
295,0.052554366659056564
296,0.05239620883545535
297,0.051384178040191374
298,0.05209052291285661
299,0.05294443921737819
300,0.05232243251191446
301,0.05210105219983304
302,0.05314470561358564
303,0.05229080875697373
304,0.05364017334508618
305,0.0531446892558805
306,0.05275465622332599
307,0.052027263662089776
308,0.05248052456786831
309,0.052947432071412705
310,0.05326451572521757
311,0.05250344201880254
312,0.05388817102289563
313,0.0529368612723401
314,0.052947411056166405
315,0.053645076938862515
316,0.05379301995308213
317,0.05270431336497723
318,0.05288399618372612
319,0.05211236958714965
320,0.050072318668761995
321,0.04812737058409058
322,0.046615803619249885
323,0.04524164722617683
324,0.04472370308603575
325,0.043064204347579634
326,0.04357152274820485
327,0.04511481656395779
328,0.04443834098206458
329,0.04331787580589129
330,0.04273650030402731
331,0.04106638358346844
332,0.04199658728535008
333,0.0447977017394117
334,0.04638324055522723
335,0.04676383357868395
336,0.047017458228044144
337,0.04794770129920018
338,0.04661581616942355
339,0.04566448531363814
340,0.04537907411618936
341,0.04619299887422553
342,0.048000522374351366
343,0.04594987910637118
344,0.04550594565977785
345,0.04376181540858138
346,0.044131780740543504
347,0.04311705476909046
348,0.04246166956220903
349,0.042831667172952045
350,0.043804143543413346
351,0.0442903657717311
352,0.04286334602800346
353,0.0425990738456128
354,0.04185918349570684
355,0.04090788092794853
356,0.038698646307339206
357,0.03960770661725684
358,0.04038990291953354
359,0.04102412356180174
360,0.0399459370090679
361,0.04028420628996533
362,0.04240883688894268
363,0.043878061074095254
364,0.043814668940461945
365,0.04175349532473509
366,0.04104524747460635
367,0.04006222579191929
368,0.03829698815778279
369,0.04050619741262758
370,0.03844497719432653
371,0.03702936390927086
372,0.03423889791821142
373,0.03397359841158499
374,0.030864866403735574
375,0.029114206551621526
376,0.026854226283751215
377,0.025029312272992117
378,0.026673868550305145
379,0.030207048589101337
380,0.028785274946691666
381,0.028286610394532574
382,0.02798953150389787
383,0.02683299243895739
384,0.024074393888673436
385,0.022737518043797172
386,0.02164466853505301
387,0.019267977349474594
388,0.01966056283465759
389,0.015713598653796835
390,0.014557104143152807
391,0.011681754634004038
392,0.010228167777898419
393,0.005570301557736258
394,0.011448317572248259
395,0.013347524793031583
396,0.00882762666422158
397,0.006981457737027349
398,0.007575626112460017
399,0.008732122132761217
400,0.008212219965965347
401,0.0063024015973768555
402,0.004859433297523087
403,0.002037152903318224
404,0.0011246684362846032
405,0.0027055808358134397
406,0.005633975018807994
407,0.0076817303676396335
408,0.00871090547836043
409,0.010196321149249387
410,0.011236132563087992
411,0.009867409182627768
412,0.011830287316290905
413,0.012339566171449292
414,0.013315700512028891
415,0.011405874289772546
416,0.008519930329783465
417,0.007533188705286396
418,0.007183052407613206
419,0.005135330300375711
420,0.004700284001986044
421,0.0041910075885693765
422,0.0011034507674503962
423,0.0
424,0.0014323839266242957
425,0.0027267991782936023
426,0.00429710296985099
427,0.005718856223961751
428,0.002896570915154074
429,0.0033421868794487556
430,0.005612752141326642
431,0.005294451271448003
432,0.007076958914223821
433,0.011257341488019304
434,0.011087572250428121
435,0.009962905459089174
436,0.009750767190233314
437,0.008907746868225923
438,0.009110483076536465
439,0.010198953163277898
440,0.011810339484928808
441,0.01153288065421538
442,0.012429292140929388
443,0.011362144202170105
444,0.010060245312378376
445,0.00969741787310277
446,0.01110603670016942
447,0.011447511579821271
448,0.01145818455017124
449,0.011767656272786144
450,0.01531054762248477
451,0.01744482641697866
452,0.018330536261728154
453,0.017220714208021928
454,0.016612441377977877
455,0.015758734527834224
456,0.014883692202131059
457,0.015438598765165061
458,0.01515048451323625
459,0.014190073986880335
460,0.015705378897484527
461,0.014328782566060102
462,0.013699179179472496
463,0.01366715310570018
464,0.01375254703699989
465,0.0146489413318493
466,0.01509712165661299
467,0.017135357985982938
468,0.016825859243389075
469,0.016185599527533335
470,0.015491947573642022
471,0.02002728166644468
472,0.02133987615893191
473,0.02166001091266229
474,0.024029024225594397
475,0.025683102363690993
476,0.02648346127744074
477,0.026387429346244287
478,0.026771594476481714
479,0.029354042338872646
480,0.028318929436786818
481,0.027988114042165696
482,0.0282762411711668
483,0.026152635779119596
484,0.02645142929629366
485,0.025074848218489446
486,0.025469656267795546
487,0.02625937170374644
488,0.02572577680852798
489,0.02396501691242703
490,0.024605310752908227
491,0.02710239343311808
492,0.027027689052742946
493,0.02616331056330164
494,0.025619090641210217
495,0.027027685097360563
496,0.02890585570616325
497,0.03126423737359114
498,0.033914170273856244
499,0.03405343136950961
500,0.034149911348649184
501,0.035221265208722825
502,0.03604628412358132
503,0.035231980884562634
504,0.037535496359237114
505,0.03804975910508786
506,0.03917472626684881
507,0.039989013784744974
508,0.038478352836068264
509,0.03612125954625114
510,0.03742837183117164
511,0.03671052006952749
512,0.03993544447605788
513,0.04037472284171392
514,0.04017117373860002
515,0.04009615079420593
516,0.04074969787699999
517,0.04243179070622813
518,0.04172468913221761
519,0.04086757973499033
520,0.039506884310765926
521,0.0420139954609279
522,0.04213181754161924
523,0.039817549824070514
524,0.04002114407777719
525,0.04089969316124093
526,0.039806882694097566
527,0.039442585880973664
528,0.039828296228435894
529,0.04096396924834719
530,0.0417996755813289
531,0.04181041597938744
532,0.03975330224826104
533,0.0391854732290297
534,0.03823192574122586
535,0.039164052862203834
536,0.039496150375183434
537,0.040749695156868465
538,0.037128363906897034
539,0.033174916994683154
540,0.03293921313412442
541,0.03329275079059529
542,0.033196329929350905
543,0.033935595254197405
544,0.03408559324833901
545,0.03395703354106771
546,0.03261777666388509
547,0.03260705630038125
548,0.032671364716582725
549,0.03277850098055097
550,0.03154638480229788
551,0.02981071015156365
552,0.03123569213654355
553,0.03329277782304749
554,0.03361419686631255
555,0.033742767617174
556,0.03398916859488843
557,0.033442775003985126
558,0.03305705550431903
559,0.03245709079644732
560,0.032424514527006766
561,0.03163922091618762
562,0.03042363042072177
563,0.029358679839357655
564,0.029229583022387005
565,0.028949926115714914
566,0.03006867806585447
567,0.02831524148547618
568,0.02705662743099612
569,0.02706737675942726
570,0.027562216139746108
571,0.02848733878265893
572,0.028885369250071267
573,0.02898218075253393
574,0.03016547792767135
575,0.028842316961520027
576,0.02779891514794659
577,0.02699209282206099
578,0.02603468550022436
579,0.02598089963661687
580,0.02491593844186755
581,0.025475300231811472
582,0.026647846781283707
583,0.027304038540991178
584,0.027906445144143095
585,0.028756273404522383
586,0.0289929430706262
587,0.029498528302150353
588,0.030165481232016574
589,0.03107986148735093
590,0.03155316847156272
591,0.032650381137608125
592,0.03342493085834694
593,0.03336041860682475
594,0.03338189184977563
595,0.03274723186361451
596,0.032768731162549365
597,0.03285476468966522
598,0.032865551686452034
599,0.03252129979492762
600,0.03380142094643261
601,0.03535048517331376
602,0.038997178574283926
603,0.04196620074963759
604,0.04313871339743329
605,0.04417142538479609
606,0.044881460057930374
607,0.045193427692771224
608,0.04469854214486642
609,0.044720038459049316
610,0.04537627319368196
611,0.046032485496808426
612,0.046538042872577214
613,0.04572046673375696
614,0.04563442364825701
615,0.04680694959915532
616,0.046559539803352375
617,0.047742855593084485
618,0.04769979768818755
619,0.04885082400049544
620,0.04974368047691241
621,0.0501955273737184
622,0.05097003349175066
623,0.05143014286824854
624,0.05119197095346802
625,0.05043410918105915
626,0.050163401794639316
627,0.04971955964639382
628,0.04964372467733081
629,0.0475758137079502
630,0.045713626058849835
631,0.04685041369147797
632,0.047196910707036174
633,0.046796319329800606
634,0.04611420353013649
635,0.04572444969821838
636,0.04664474617213509
637,0.04567032356839443
638,0.044750038047750046
639,0.04419786522490244
640,0.04452270073655501
641,0.045540394666954684
642,0.045713620704658654
643,0.04599513532036039
644,0.04637406159655841
645,0.047294303753869026
646,0.047380914195831236
647,0.048907514875870334
648,0.050185084253971037
649,0.05113783887756152
650,0.05159253845777324
651,0.051971494607450014
652,0.05233962104982396
653,0.05043412604045341
654,0.05006599243363352
655,0.050888835628348755
656,0.05057481793001628
657,0.04961128192998424
658,0.04922151826474942
659,0.0483878334361214
660,0.048387856141478794
661,0.050488234565172985
662,0.05222047199752712
663,0.053065017933554
664,0.0543967038064192
665,0.05658372013595261
666,0.05693019210880828
667,0.0554577239182806
668,0.05460241921027022
669,0.054310093472009394
670,0.05628054959656024
671,0.057016763659871565
672,0.05595579459225319
673,0.05529531274840004
674,0.054180162540356354
675,0.055890785027665264
676,0.056421268638360875
677,0.056064012302120436
678,0.053573866670782934
679,0.052502020788345476
680,0.053703747217862974
681,0.0552195042178722
682,0.05618314705689169
683,0.0568976705034398
684,0.057287437192260066
685,0.056724467881507784
686,0.05615062157438197
687,0.05721164303807785
688,0.05728700695433149
689,0.05681864238721403
690,0.056306635096258474
691,0.05611059837472328
692,0.05470536106455973
693,0.05520645857606396
694,0.056459166262816135
695,0.05645914864649548
696,0.057406907077193266
697,0.05774457004395252
698,0.058125816688714985
699,0.05773367869201428
700,0.05716721516586702
701,0.05682953337020666
702,0.056971100666173446
703,0.056600754520567946
704,0.055903586675791775
705,0.05589274040292715
706,0.05633933807760546
707,0.0571563327671966
708,0.056459163748597954
709,0.05673149580474243
710,0.057417774276812834
711,0.05684039814990028
712,0.0563175503114392
713,0.05590366331530907
714,0.055533228581334866
715,0.054966757603019084
716,0.054291394111532644
717,0.0537467516439328
718,0.053616043550080886
719,0.05355064966711836
720,0.05335460342972902
721,0.05297331564974779
722,0.05341997553614259
723,0.05383387924757342
724,0.05582732988747977
725,0.05237423768527234
726,0.05143739246817543
727,0.05080555911521407
728,0.04975985277605621
729,0.04950926293261656
730,0.049890558437375554
731,0.05165524455995454
732,0.052494023331488816
733,0.05271188559413998
734,0.05237418447758057
735,0.05233059860591439
736,0.051470079450360064
737,0.05050060954064216
738,0.04922606744198644
739,0.049280552538286546
740,0.050598622665076955
741,0.051295784791361855
742,0.050783772781876166
743,0.0508164608200624
744,0.05178595756091162
745,0.05187315298882726
746,0.05265741843764474
747,0.05444391455508687
748,0.05407357934043206
749,0.05450928922006176
750,0.05467254343002654
751,0.05480408780968085
752,0.05528647003741492
753,0.05552763738886049
754,0.05488083291329751
755,0.054508098885130654
756,0.054234069203575215
757,0.052841836631194204
758,0.05296241125712289
759,0.05215120188044276
760,0.05301718619804045
761,0.052863748066688254
762,0.05210735719084657
763,0.05164691265482338
764,0.05135097746737605
765,0.051000129827688694
766,0.0513509424600067
767,0.051109759883840804
768,0.05256772838631473
769,0.053795560317213574
770,0.05380653380934594
771,0.05568108396995634
772,0.057040376904163026
773,0.05732540264380668
774,0.05671154663880263
775,0.057467897561012046
776,0.05797216185125516
777,0.05873956649669085
778,0.060175570087899116
779,0.060493536767849854
780,0.060153731503607366
781,0.060734738621785765
782,0.06230235878355223
783,0.06264218233909699
784,0.06278468228215561
785,0.06197348182345884
786,0.061096467606137496
787,0.059901555421882635
788,0.058618954999299464
789,0.058597042269855855
790,0.054595790659913206
791,0.054606765657420654
792,0.05485888101160388
793,0.05330222471537717
794,0.05220599271700598
795,0.05121938696612215
796,0.048972107648951706
797,0.046527500251634754
798,0.04614385423775074
799,0.04568341364282706
800,0.04113400942226217
801,0.04116689398710303
802,0.04186850515860509
803,0.04181370691870341
804,0.04126555503750498
805,0.04039957025940876
806,0.0409476479865383
807,0.040103556126024315
808,0.040136466576251
809,0.0416273311229782
810,0.04240569391697075
811,0.04324974176625659
812,0.04369615082789282
813,0.04390591777139042
814,0.04370719391222943
815,0.04400530673791737
816,0.044800235789920276
817,0.04556207644849255
818,0.04590438043523983
819,0.04507628679730693
820,0.04404945158740718
821,0.04351946657658846
822,0.04295642545250739
823,0.043861773443622555
824,0.042470607053884155
825,0.04230500560990612
826,0.04222766560007412
827,0.04303374022409702
828,0.042680359430803234
829,0.043883861155138974
830,0.04693115997000844
831,0.047637796687159915
832,0.04788069541407751
833,0.04834441339458769
834,0.04867561351285326
835,0.048609401829117944
836,0.04759367340497996
837,0.04717407738429504
838,0.047394905156287435
839,0.047958002728923005
840,0.04883024620841062
841,0.049304964647811665
842,0.050431155801626396
843,0.05087281296224319
844,0.0502434650243386
845,0.04942642737653057
846,0.04796904496624842
847,0.048565202993529906
848,0.04885230155457889
849,0.048730859785494754
850,0.047847587299096994
851,0.047328673116843294
852,0.04866463206563552
853,0.04848797262755814
854,0.04700848710831947
855,0.045882258690547455
856,0.04624663965940018
857,0.04669929305843543
858,0.047825495769480114
859,0.048322328200925316
860,0.04721825324324565
861,0.046555774266697075
862,0.0470305225821954
863,0.046456405561008954
864,0.046953272478994196
865,0.04842172711707841
866,0.050530544916185784
867,0.05235230534610808
868,0.05194381349120737
869,0.05331286545540387
870,0.054251374715826216
871,0.05568671719589356
872,0.055973782818673386
873,0.05622770135669336
874,0.05615042396163631
875,0.05649267974355499
876,0.057867120994343685
877,0.05784488985693585
878,0.05792272169330107
879,0.05834508442916002
880,0.05886749115480589
881,0.06013465013376698
882,0.0601123922430871
883,0.0589453039564711
884,0.05870080454420117
885,0.059901243434224156
886,0.05962336665383655
887,0.05908978875325235
888,0.059312071100755294
889,0.06005682235351855
890,0.060434768404965214
891,0.05987896747720849
892,0.059801172281795
893,0.05897864697166393
894,0.05798938057401311
895,0.05745583763532132
896,0.05752257177233638
897,0.05621096396760859
898,0.053443248323325386
899,0.050819997319524315
900,0.05076442299282666
901,0.050642140384809846
902,0.05074220073429461
903,0.05234278387134714
904,0.05328761281770892
905,0.053421017020027654
906,0.055555149201333046
907,0.05591081373833481
908,0.05503274095161096
909,0.05591083164933316
910,0.05574407439519253
911,0.0559219176344123
912,0.05634430488621599
913,0.056055327591626194
914,0.05747807402370215
915,0.05528837847844479
916,0.05300974199352915
917,0.05364329168929252
918,0.054588076241695115
919,0.053998964978615026
920,0.05319869399843192
921,0.05304308072146895
922,0.05359883309734673
923,0.053987897535530245
924,0.05374335273632486
925,0.052176123742524665
926,0.05198714586050626
927,0.05176480396237394
928,0.052998604717758
929,0.05292081069942007
930,0.051920455224535055
931,0.05034210894893716
932,0.05143134852009848
933,0.05325423073319087
934,0.0554106451020428
935,0.05597751340681169
936,0.056744485346649984
937,0.057111277795645725
938,0.05578856042368669
939,0.05786710723370479
940,0.05824506690602033
941,0.05762258079234849
942,0.05663217563826233
943,0.05646432539319837
944,0.056531472828827825
945,0.0552668949573256
946,0.0538456829714535
947,0.053868045188943316
948,0.054696210774834074
949,0.05464020888659843
950,0.05503191028186084
951,0.05550186089057794
952,0.05640835919262115
953,0.05655387699507036
954,0.0573931850287384
955,0.05715815177020435
956,0.0569343473744134
957,0.05750505897972378
958,0.0579527374879677
959,0.057214124865833785
960,0.057963913013232456
961,0.058501027889983584
962,0.058411549298344106
963,0.05919489832813436
964,0.061130909464963114
965,0.061813560458085
966,0.06061613952082688
967,0.06035870569555185
968,0.060694461224285345
969,0.060728059662556066
970,0.06020203699382284
971,0.060358721596315126
972,0.060235654340738506
973,0.06031396712171913
974,0.06062732048441943
975,0.060672100198220856
976,0.060884698703499295
977,0.060851127716242466
978,0.06134352094874926
979,0.05387922406634503
980,0.05480809289277717
981,0.0562069548192052
982,0.0588143737878057
983,0.06007896399940267
984,0.06054900283205847
985,0.06096304293277328
986,0.06200378181413021
987,0.06218287151102571
988,0.06100779496575146
989,0.0596536825016226
990,0.05975443753883671
991,0.06132117712502579
992,0.06124284779039283
993,0.0607839864516122
994,0.06041468258645505
995,0.0619925934013773
996,0.0614107119508754
997,0.06017969647420734
998,0.05926203037196971
999,0.05901581107991872
1000,0.05754980445651866
1001,0.056058816768570795
1002,0.05543911211007188
1003,0.054154608296919204
1004,0.05354617719042137
1005,0.053794052151531414
1006,0.053478527902714006
1007,0.05377149859025276
1008,0.05351235398384427
1009,0.053388416019091556
1010,0.054244723505034974
1011,0.054841929406580836
1012,0.054616583900342304
1013,0.0545940384250466
1014,0.05757997586138002
1015,0.05965325535527616
1016,0.06084761800027651
1017,0.06134335504359667
1018,0.06120814667448982
1019,0.061613796881521035
1020,0.06180534655271494
1021,0.061275767306211815
1022,0.06072363516342401
1023,0.0606222414345569
1024,0.06102787539112093
1025,0.060870113716697725
1026,0.06106171493836833
1027,0.06017152842378662
1028,0.06048703477419842
1029,0.06102787539112093
1030,0.06087012897185345
1031,0.06064479522817093
1032,0.06187296186280692
1033,0.06277438277134635
1034,0.06347299596658125
1035,0.06321383308260613
1036,0.06304480105517932
1037,0.06270675256039679
1038,0.06227859564521735
1039,0.061861688321849816
1040,0.06192930754144278
1041,0.062368739940663574
1042,0.0628306899071433
1043,0.06074616949813456
1044,0.05996870709366901
1045,0.0600701352404978
1046,0.05954053286116867
1047,0.058740519922514056
1048,0.059315201435904415
1049,0.06012645250156899
1050,0.06049826928554922
1051,0.05896588463837225
1052,0.059179995313047344
1053,0.05951804660543635
1054,0.060216614125455946
1055,0.060791257970349635
1056,0.06120814441676185
1057,0.06111805449992045
1058,0.06191803112986027
1059,0.06092647981863547
1060,0.060520807245944136
1061,0.060092666213916034
1062,0.05963071620237213
1063,0.05879693651630837
1064,0.057399706356032344
1065,0.057054617039564375
1066,0.058949302537538856
1067,0.05876776637213441
1068,0.05792823240325554
1069,0.06124108076871588
1070,0.06144532755104293
1071,0.06275005832687601
1072,0.06380519189057732
1073,0.06351021684377847
1074,0.06424766335148646
1075,0.06470152531138515
1076,0.06496242148101211
1077,0.06605160083239801
1078,0.0670159424310867
1079,0.06810514496644011
1080,0.0685135827996543
1081,0.06903553672574651
1082,0.0701473751129607
1083,0.06904681810277599
1084,0.06765131599407012
1085,0.06698193712236564
1086,0.06773076264011536
1087,0.06674368188626456
1088,0.06567719514349751
1089,0.06480364632838025
1090,0.06541626828798174
1091,0.06568855213091586
1092,0.06604025217787028
1093,0.0660176140253852
1094,0.0653595590671935
1095,0.06508723495699922
1096,0.06421363338724774
1097,0.063929971033429
1098,0.06278409749132047
1099,0.06275007322843638
1100,0.060878057095411074
1101,0.05976618035963849
1102,0.05834800988516664
1103,0.056362559951549845
1104,0.05123435562487514
1105,0.05055358517946416
1106,0.05008847136464719
1107,0.05073511853227324
1108,0.05477417264885373
1109,0.05557965765887471
1110,0.05455858754333118
1111,0.05435437688415129
1112,0.049918245206877036
1113,0.04792146126153832
1114,0.04806891287950945
1115,0.04929426003859618
1116,0.05048554009784908
1117,0.050133854653230434
1118,0.049124069703748934
1119,0.05176758125516951
1120,0.051733517801395214
1121,0.05258444597753653
1122,0.05307231763224656
1123,0.05095067922002277
1124,0.049566548663733716
1125,0.05257308791484992
1126,0.0521759929475485
1127,0.049600579010885014
1128,0.04818238200005439
1129,0.049683239545036326
1130,0.05141018178214874
1131,0.053365819033725434
1132,0.05407490218417477
1133,0.052919819470338816
1134,0.05416639616428435
1135,0.052725395773191304
1136,0.04940881173913018
1137,0.049546038768995
1138,0.05088412855574184
1139,0.053445878108076154
1140,0.052084922759250515
1141,0.05143308919310564
1142,0.05068970300497234
1143,0.04794493477714999
1144,0.04698425340270766
1145,0.04871117898107991
1146,0.05009499455638102
1147,0.0513758626781794
1148,0.053045585591976065
1149,0.05421216314823089
1150,0.05575607330097157
1151,0.0560305491671931
1152,0.057014071912967694
1153,0.05506988010474365
1154,0.0550698464943809
1155,0.05528712880607301
1156,0.054166387302072516
1157,0.05476109670193144
1158,0.057322854298011615
1159,0.05851223492531059
1160,0.058729515389815204
1161,0.06214904170803848
1162,0.06194318259743222
1163,0.060479313228374514
1164,0.05593906031589946
1165,0.05718561762120007
1166,0.061588647873062126
1167,0.06073092707434353
1168,0.06086817557261792
1169,0.06108545061627715
1170,0.05746007980066282
1171,0.057402920058610814
1172,0.05903831114652334
1173,0.05818060179480445
1174,0.05831784717660375
1175,0.05902688953956578
1176,0.05776884997646649
1177,0.05811199084416474
1178,0.056956847395007434
1179,0.05609916005160755
1180,0.054875459817650164
1181,0.054658159068343634
1182,0.056956858669056844
1183,0.05746007964848992
1184,0.06022771445520357
1185,0.060925340542569234
1186,0.06107401676492603
1187,0.06102828436760928
1188,0.06002185693041672
1189,0.059587311912261146
1190,0.05999747566802765
1191,0.06151795888636952
1192,0.06117242575994631
1193,0.061702297202135034
1194,0.060193314837050454
1195,0.06044673272972081
1196,0.06038914497820951
1197,0.05927180655892142
1198,0.0598362300341146
1199,0.05998598093043357
1200,0.061425826195886844
1201,0.06219760924955811
1202,0.06155257395771693
1203,0.06083838904153167
1204,0.06113784962401207
1205,0.06166772759826846
1206,0.06258922077870786
1207,0.062151530400774646
1208,0.061805966344580666
1209,0.06217456930905395
1210,0.062497108886900785
1211,0.06384483419605205
1212,0.06467418620648571
1213,0.06506585149933772
1214,0.06399458612768312
1215,0.06467417225475851
1216,0.0659873499306364
1217,0.0666439196256744
1218,0.0678188282970715
1219,0.06859064675230046
1220,0.06795708629383226
1221,0.0682335096018906
1222,0.06838328122323031
1223,0.06847541072631351
1224,0.06806078259291515
1225,0.0686712332864669
1226,0.07023785219909984
1227,0.07057186133628887
1228,0.07091743512225697
1229,0.07052582389628775
1230,0.06763457733397815
1231,0.06960432373144822
1232,0.06930479306811874
1233,0.06882101262371246
1234,0.06946611104720009
1235,0.06930482894352707
1236,0.06947755534468487
1237,0.06986923909845663
1238,0.07027238580329294
1239,0.06997289517416903
1240,0.0703530132618103
1241,0.0712169243551251
1242,0.07202324298484232
1243,0.07201177987346621
1244,0.07181597102575776
1245,0.07129756149373859
1246,0.07027238580329294
1247,0.0694200093317311
1248,0.06846392119699174
1249,0.06779581360716422
1250,0.06763455299106008
1251,0.06845237144045269
1252,0.06956977595867216
1253,0.06966988665996802
1254,0.07123525686102725
1255,0.07129323410268477
1256,0.07139756691234529
1257,0.07055115094758821
1258,0.07099173404580211
1259,0.07037723120989103
1260,0.0702612524610385
1261,0.06980904519938405
1262,0.07064389694065203
1263,0.07203532727844279
1264,0.07181502986931718
1265,0.07037721538640669
1266,0.06897421536772862
1267,0.06946123193843483
1268,0.06958873761631618
1269,0.06991342898425813
1270,0.06812776376706366
1271,0.06728132007496126
1272,0.06528696247671756
1273,0.06512465029917007
1274,0.06607545237145732
1275,0.0663304992150808
1276,0.06560006998233645
1277,0.06505505693509105
1278,0.06483474934265224
1279,0.0641159048810883
1280,0.06403472219516038
1281,0.06430139928128033
1282,0.06306074270403103
1283,0.06342015387174939
1284,0.06410425319082359
1285,0.06477677218713235
1286,0.06594785260068153
1287,0.06575079041360056
1288,0.06607539720626666
1289,0.06510143533318899
1290,0.06387234921664121
1291,0.06199397327419354
1292,0.06063731384216869
1293,0.05884009548819594
1294,0.0571123938652366
1295,0.057042828677230616
1296,0.05632395691976791
1297,0.05528037398394931
1298,0.0562543366577522
1299,0.05592975171913449
1300,0.054538334150326745
1301,0.05286859614724477
1302,0.052416386514953436
1303,0.05334397066865353
1304,0.0532512271261787
1305,0.05349472321041946
1306,0.05349473913569574
1307,0.053946956223423936
1308,0.05257870773981094
1309,0.05194100075027174
1310,0.05107138814532394
1311,0.052056944311593606
1312,0.05211494549897726
1313,0.053483167459173836
1314,0.0551528742459614
1315,0.05510642461021241
1316,0.05503690210405657
1317,0.05450351925606573
1318,0.05445710528762462
1319,0.05402640420269014
1320,0.0543419146682596
1321,0.054260101261330254
1322,0.05567401490675255
1323,0.055907737865398675
1324,0.05534685108162583
1325,0.05534681213448144
1326,0.05396795009863738
1327,0.05346551467914502
1328,0.05444705640238422
1329,0.05547534283213191
1330,0.05702952350190225
1331,0.05749688844639779
1332,0.05824477302249404
1333,0.057894224817179304
1334,0.05672567694390979
1335,0.05558053274297379
1336,0.055837587939340204
1337,0.056094686770407375
1338,0.05631669707620984
1339,0.057274892153709386
1340,0.058338227794153395
1341,0.05898092322534582
1342,0.05953011919288712
1343,0.0599390730680746
1344,0.058665422981535126
1345,0.05629333862447172
1346,0.05545201552319649
1347,0.0551482021083478
1348,0.05638679408767115
1349,0.05728655517141523
1350,0.05817463604414541
1351,0.057333295063669305
1352,0.05617648222874854
1353,0.05393293995807421
1354,0.05512478277469387
1355,0.05587264422544448
1356,0.05665555797517341
1357,0.056877612857707635
1358,0.05931973603694185
1359,0.060406492285446346
1360,0.060149444762418014
1361,0.06293049898884334
1362,0.06421585020676955
1363,0.06565313885833672
1364,0.06602705657848348
1365,0.0673591774399826
1366,0.0686328434883078
1367,0.06836412188692785
1368,0.06763965358047096
1369,0.06786167600307591
1370,0.0685276876093959
1371,0.06835239441576052
1372,0.0692404687426377
1373,0.06851597729227664
1374,0.06870292440715649
1375,0.06933394463340732
1376,0.07009349616952547
1377,0.07029212746778171
1378,0.06997665101031708
1379,0.07029212899333365
1380,0.07026875661114634
1381,0.07039747694297604
1382,0.07045638134234548
1383,0.07149238978867256
1384,0.07118629593925432
1385,0.07055051701047549
1386,0.07050343437221487
1387,0.0700914225934757
1388,0.0703386265527822
1389,0.06883167652917126
1390,0.06833718002212
1391,0.06714806046105389
1392,0.06788979408559881
1393,0.0679486270305137
1394,0.0669596810450316
1395,0.06686553022656255
1396,0.0668773037776991
1397,0.06787801517082942
1398,0.0689847036425777
1399,0.06783093879874835
1400,0.06733643564405009
1401,0.06624153950040715
1402,0.06601786994752303
1403,0.06493467491185839
1404,0.06461679245475757
1405,0.06653581565750644
1406,0.06747772306410826
1407,0.06805462262716755
1408,0.06697147108890684
1409,0.06517017381269262
1410,0.06426364117573091
1411,0.06489939580530005
1412,0.06498176443952047
1413,0.06511131970983286
1414,0.06532323609174531
1415,0.06744243455403394
1416,0.06776025232939806
1417,0.06686548771797653
1418,0.06752481143170133
1419,0.0630627536846813
1420,0.06250940251829398
1421,0.06373388015148004
1422,0.06501711796693692
1423,0.06460507702691135
1424,0.06489938582702964
1425,0.06455794549576316
1426,0.06400460668054246
1427,0.06505245419646391
1428,0.0655821979610815
1429,0.06683020910850283
1430,0.06797219864540816
1431,0.0684431268140608
1432,0.06870216135355797
1433,0.06777206192071815
1434,0.06867858140577938
1435,0.06859618456093577
1436,0.0687139020479354
1437,0.06846667615693508
1438,0.0687727495330085
1439,0.06906711025878585
1440,0.06927900094353295
1441,0.06974200089424408
1442,0.07075040416398713
1443,0.07056057705933844
1444,0.0697419927467147
1445,0.06903019381544871
1446,0.0682471715118232
1447,0.06912509272271139
1448,0.06899457105318306
1449,0.06881660661355418
1450,0.06760653652948033
1451,0.06852005324082491
1452,0.06846069355133584
1453,0.06675235886324418
1454,0.06561341742632938
1455,0.06585068979777119
1456,0.06923184298020262
1457,0.06952844443578805
1458,0.06944539924657103
1459,0.06923187205250195
1460,0.06957590648167576
1461,0.06974197127654858
1462,0.06908947385882812
1463,0.06863868243345767
1464,0.06786753847278595
1465,0.0677844802244788
1466,0.06723876056403727
1467,0.06734551227102474
1468,0.06744043806271625
1469,0.06848442518177543
1470,0.06894712202685437
1471,0.06895898579354078
1472,0.06945727678851968
1473,0.06911320324537472
1474,0.06885223027155972
1475,0.06865050786721835
1476,0.06895900881263274
1477,0.0701453581428039
1478,0.06938607861625308
1479,0.0694810076624064
1480,0.06949285447325963
1481,0.06712014603901253
1482,0.06327628645405517
1483,0.06316955941144825
1484,0.06397627330055432
1485,0.0639881404670205
1486,0.06453385152447225
1487,0.0649965404967766
1488,0.06551850772763321
1489,0.06632523526286604
1490,0.0660405209126432
1491,0.06634900337194191
1492,0.06548292481302169
1493,0.06492534489166385
1494,0.06587441537391749
1495,0.06663372569782947
1496,0.06652694962366294
1497,0.06627781629358816
1498,0.06740483365144449
1499,0.06754722161101125
1500,0.06799804240098765
1501,0.06950469821572933
1502,0.07029953968404702
1503,0.07039447185076288
1504,0.07114700135481399
1505,0.07229456019966667
1506,0.07265321364798287
1507,0.07224681308084689
1508,0.07206745669763688
1509,0.07357372347373581
1510,0.07429100710141993
1511,0.0747930698982482
1512,0.07586901030749717
1513,0.07565376142435512
1514,0.07539081395801907
1515,0.07609610535135419
1516,0.07553425010053504
1517,0.07432685406332501
1518,0.07305971611800695
1519,0.07216309183410562
1520,0.0701786646328591
1521,0.06992760353545871
1522,0.07026235889739957
1523,0.07191206757608207
1524,0.07529514440811878
1525,0.07623955247272902
1526,0.07323900269458751
1527,0.07284447454895597
1528,0.07354980731573657
1529,0.07419533925043842
1530,0.0745180769820487
1531,0.0750560413458145
1532,0.07522338447014285
1533,0.07497237797181101
1534,0.07530713346165453
1535,0.07509192246331489
1536,0.07537883314465187
1537,0.07681340643893395
1538,0.07864241607098543
1539,0.07892929815216157
1540,0.07945527587437465
1541,0.07913250872057906
1542,0.08057903295000154
1543,0.0826351401391325
1544,0.0829101409733168
1545,0.08230044437749857
1546,0.08236019737263985
1547,0.08318505808512651
1548,0.08415336297877996
1549,0.08489456356848472
1550,0.08663988330173379
1551,0.08787121648870651
1552,0.08742885295270585
1553,0.08630516760761815
1554,0.08674749741036253
1555,0.08814615856965688
1556,0.09103909268680978
1557,0.09010668271374823
1558,0.08808634872693316
1559,0.08710611828904834
1560,0.08665186771543024
1561,0.08550424803643561
1562,0.08427288468227666
1563,0.08418921756716655
1564,0.08524123184112593
1565,0.08604214022321961
1566,0.0852890318750125
1567,0.08546833556273879
1568,0.08572417578997994
1569,0.08624173992906194
1570,0.08683149377307409
1571,0.08768608011601572
1572,0.08675928072655627
1573,0.08458077018364563
1574,0.08461688097052891
1575,0.08261894682144132
1576,0.0825707852314211
1577,0.08383455822144084
1578,0.08387067250643272
1579,0.08501407565545249
1580,0.08750549819179354
1581,0.08809529289475945
1582,0.08805914671979542
1583,0.08939516727429293
1584,0.0906468907107765
1585,0.09091171510339437
1586,0.0901413880545111
1587,0.09203102723813755
1588,0.09317443642505986
1589,0.09381236654898124
1590,0.09357162539764347
1591,0.09321054006051784
1592,0.09422156901993677
1593,0.09453453031926834
1594,0.09506410483804235
1595,0.09582235792282509
1596,0.09585847459071978
1597,0.0952325857775969
1598,0.09531684826661224
1599,0.09538906455709804
1600,0.09566589297060228
1601,0.0964482086492185
1602,0.09921652407289558
1603,0.09848230409417508
1604,0.09800088736342649
1605,0.09891561598658039
1606,0.09782033008436701
1607,0.1042836123955724
1608,0.1068593363608875
1609,0.10846011255850564
1610,0.11010902690242552
1611,0.10655839894478787
1612,0.10460861383415784
1613,0.10505391189010664
1614,0.10566778186660378
1615,0.1058603567851007
1616,0.10575201523079614
1617,0.10690746399968722
1618,0.10743704480601458
1619,0.1071602032801403
1620,0.10465674406730979
1621,0.10298374910740127
1622,0.10269487778935157
1623,0.10232175315976398
1624,0.10126258736900247
1625,0.10115422481748813
1626,0.10233380380678105
1627,0.10259861136776767
1628,0.10335681705307315
1629,0.10511411440682127
1630,0.10575203650810606
1631,0.10563891652645445
1632,0.10647507400249749
1633,0.10728700991139913
1634,0.10737184390200939
1635,0.10894726763327602
1636,0.10973496640726353
1637,0.10968646506543082
1638,0.10906845336169665
1639,0.11038931434339215
1640,0.11052263458106697
1641,0.11041361227429596
1642,0.11038937551906947
1643,0.11095892186170542
1644,0.1134432471654673
1645,0.11394011323526215
1646,0.11280092302900263
1647,0.11263130450729474
1648,0.11168601155739835
1649,0.11123767174596037
1650,0.11006217032824142
1651,0.11198901015916345
1652,0.11329778847533471
1653,0.1150549929588189
1654,0.11578210675750765
1655,0.11670308024930222
1656,0.11732111576004972
1657,0.11877534397020194
1658,0.12055677356038234
1659,0.12329556553371028
1660,0.12352582419217928
1661,0.12451950965325774
1662,0.12643425235228012
1663,0.12712505541826996
1664,0.12840959845640137
1665,0.1295002416391575
1666,0.1290882331748326
1667,0.1284580711924389
1668,0.12882162794408775
1669,0.12742803427344612
1670,0.12596163029057614
1671,0.13460221151916807
1672,0.1313301352070764
1673,0.13236021600181658
1674,0.13277225773160023
1675,0.13346300093954228
1676,0.1344082990180575
1677,0.13456579554388498
1678,0.13477185098405442
1679,0.13597154044644627
1680,0.13801960529858381
1681,0.14061294155647025
1682,0.1424307035127234
1683,0.14238228783384535
1684,0.1435334898592188
1685,0.14452719979112766
1686,0.1435335556086797
1687,0.14427269175123808
1688,0.1451937427439156
1689,0.14481804152064448
1690,0.1425882053408553
1691,0.14421217137662565
1692,0.14519376731621506
1693,0.14467232001423155
1694,0.1436487144789845
1695,0.14279584437342688
1696,0.14671936920281994
1697,0.14679249453223564
1698,0.14651224840644286
1699,0.1467437638196013
1700,0.1484251917808758
1701,0.14985087651307558
1702,0.15183703982107524
1703,0.15219039556807876
1704,0.15209290210882176
1705,0.15193449213767252
1706,0.15130092409716855
1707,0.15083786813954175
1708,0.14988748418887574
1709,0.1503992566854534
1710,0.15113033585178515
1711,0.14970469624786115
1712,0.14575680843971994
1713,0.14540334804208285
1714,0.1452694132649064
1715,0.14498916180508775
1716,0.1448794812124829
1717,0.14593954782334273
1718,0.14546435723447815
1719,0.14496478538173604
1720,0.14542779619668245
1721,0.1454764819629581
1722,0.14406305756219792
1723,0.1395911902648154
1724,0.13616725197010043
1725,0.1355213551837784
1726,0.1344613303741144
1727,0.13642313257521918
1728,0.13491218955454634
1729,0.13238989385893585
1730,0.13098863123422452
1731,0.1308303027113003
1732,0.13303568856899578
1733,0.13683742417102557
1734,0.13817773939734465
1735,0.13862861242924665
1736,0.13917694619269114
1737,0.13855542731294435
1738,0.13867732556841972
1739,0.1404197994015289
1740,0.14032229575231878
1741,0.13861635099930356
1742,0.1386895162572807
1743,0.13870166789202926
1744,0.13815332788923881
1745,0.13957905148588426
1746,0.1404685577117319
1747,0.14143111572192715
1748,0.14163826994960346
1749,0.1458421216226346
1750,0.14676812334405762
1751,0.1464756616866668
1752,0.1466706494135462
1753,0.1463416647801923
1754,0.14528157835926514
1755,0.14365611206951281
1756,0.14259025258526561
1757,0.14042153809512312
1758,0.14167128523586717
1759,0.14229610829547684
1760,0.14105872913581544
1761,0.14032354782681047
1762,0.13844893859030047
1763,0.13608429539352382
1764,0.1369909614162687
1765,0.13755452789106304
1766,0.13666020561597705
1767,0.13650092643038314
1768,0.13833871239815787
1769,0.1421123761373073
1770,0.14370513230907686
1771,0.14305573931663226
1772,0.1398089531298153
1773,0.13587597321275185
1774,0.1368438811025525
1775,0.13966194009983807
1776,0.13912282086692362
1777,0.1344179943528825
1778,0.1332908099912942
1779,0.13325405016159814
1780,0.1357657294421012
1781,0.1375545078985461
1782,0.138301906828478
1783,0.13967417204258029
1784,0.1404215533508429
1785,0.1412546512913224
1786,0.14070334334848442
1787,0.14123025623646274
1788,0.14219809046517026
1789,0.14357040226622764
1790,0.1455552011635618
1791,0.14586150773451353
1792,0.14611877692307063
1793,0.1465476895139525
1794,0.1467926940684841
1795,0.1464985854366598
1796,0.1461432850939493
1797,0.1483854762629453
1798,0.1509583588038811
1799,0.15133825275704896
1800,0.1476257724865299
1801,0.14713574764349452
1802,0.14980671893796427
1803,0.14983117931836631
1804,0.15044383088352314
1805,0.15250211796994334
1806,0.15479326876218438
1807,0.15755005370095068
1808,0.1584322090825885
1809,0.15969416551116652
1810,0.15935109875735248
1811,0.16031899394418356
1812,0.16060087905582915
1813,0.1625121316362677
1814,0.1629287498037343
1815,0.16204649648952904
1816,0.16090712476280994
1817,0.16015984750584578
1818,0.15957161888558816
1819,0.1590403079011944
1820,0.15902796848870246
1821,0.15825212348993167
1822,0.15865854283620806
1823,0.15936061803870513
1824,0.1595574512972872
1825,0.1594220401779988
1826,0.1594589951713666
1827,0.15931112934343925
1828,0.15896638861867468
1829,0.15820288138554103
1830,0.1579195635468111
1831,0.16045646598357027
1832,0.16405241501138115
1833,0.16165106008938832
1834,0.16161411559614786
1835,0.16135547286516977
1836,0.15936042760091654
1837,0.15945893460609212
1838,0.15743934590456268
1839,0.15905259603981842
1840,0.1607766340889814
1841,0.16056736108625563
1842,0.15998851638811787
1843,0.15777184160077135
1844,0.1579688745286353
1845,0.15841213509369625
1846,0.1590527454389381
1847,0.16118306509513075
1848,0.1608875011912651
1849,0.16086288166651488
1850,0.16178653235296428
1851,0.1622052649234671
1852,0.161207688320972
1853,0.1583875729438271
1854,0.15673742375920824
1855,0.15862162904779076
1856,0.1584738123350695
1857,0.1576610276601573
1858,0.15709463215136293
1859,0.15497634680939015
1860,0.15790731681117498
1861,0.15739003131428528
1862,0.1571068576358396
1863,0.1579319700221464
1864,0.15911420068835963
1865,0.16012399704101524
1866,0.16075210284502395
1867,0.16312883790252272
1868,0.16530854036770803
1869,0.1658627648536006
1870,0.1664292658672472
1871,0.16605980301487322
1872,0.16474204918654994
1873,0.16550561314554446
1874,0.16665090900499338
1875,0.16844894394948087
1876,0.1691385332779593
1877,0.17009915598488265
1878,0.16990201215242456
1879,0.17076409472737575
1880,0.16953258037566432
1881,0.16953251128466118
1882,0.16928375113267966
1883,0.16896152172068984
1884,0.1685526531958369
1885,0.16837916179521115
1886,0.16877573510412971
1887,0.16899879922640704
1888,0.16912263141355507
1889,0.16762318702159995
1890,0.16619796296804515
1891,0.1659749004205864
1892,0.16422751676708677
1893,0.16369464546596443
1894,0.16334775303709617
1895,0.1647480665314098
1896,0.16326097822972724
1897,0.1610797564252327
1898,0.16221993519247957
1899,0.16280235176378052
1900,0.15939436466332407
1901,0.16031137824873704
1902,0.1608443161840228
1903,0.15758507846659997
1904,0.15394158094988186
1905,0.15298737990478586
1906,0.1512151604539546
1907,0.15097962717273886
1908,0.15385481129213402
1909,0.1565812062625568
1910,0.16202163614274123
1911,0.16468605704266676
1912,0.16731338063214526
1913,0.16831712788335945
1914,0.16858986599390752
1915,0.17125429242439608
1916,0.17324945896241062
1917,0.17354685064687905
1918,0.17587675150173804
1919,0.17600068680443992
1920,0.1772398697199397
1921,0.17854112399626937
1922,0.17790909628430338
1923,0.1788385566586473
1924,0.1796689153181556
1925,0.18044963953626034
1926,0.18051163172163212
1927,0.1814039112309417
1928,0.18206071516677802
1929,0.18162693139693092
1930,0.18276707169610507
1931,0.183089352327911
1932,0.18225896906458555
1933,0.18395683349729164
1934,0.1842418628879885
1935,0.1828909453413159
1936,0.18194913606431362
1937,0.18255640489526911
1938,0.18193679974616203
1939,0.18266798566272383
1940,0.18359741470872315
1941,0.1830273328092421
1942,0.183312392463309
1943,0.18377089566140722
1944,0.18028856680387845
1945,0.1789971966269795
1946,0.17939623734571805
1947,0.17831153333215047
1948,0.1772642164579511
1949,0.17535676139958742
1950,0.17730161562536637
1951,0.1829368614698875
1952,0.18499400278204486
1953,0.18582935270261755
1954,0.18772435799404377
1955,0.1890584355881416
1956,0.18917060388870208
1957,0.18963196685241257
1958,0.18940746426972774
1959,0.1895072296869927
1960,0.18644024838567008
1961,0.18282475814212004
1962,0.18309904662144247
1963,0.18580442206492115
1964,0.1895820189659327
1965,0.19085373269732897
1966,0.1908288140757203
1967,0.19213787983219796
1968,0.18908334424058398
1969,0.18860957789384775
1970,0.18895867723884266
1971,0.1903301327837609
1972,0.18968183939578304
1973,0.1927114068657687
1974,0.19490561916538324
1975,0.19739916880529265
1976,0.19822187545537556
1977,0.19834661837151416
1978,0.1996682308722179
1979,0.1981097374357363
1980,0.1977731435957904
1981,0.2025730660346096
1982,0.20413150211742342
1983,0.20939271146917893
1984,0.21164932777855777
1985,0.21231017086495485
1986,0.21466642216272838
1987,0.21617503895565723
1988,0.21970330529781862
1989,0.22037658090844767
1990,0.2206508338473131
1991,0.2209874070990985
1992,0.2219100522046037
1993,0.22374272653958246
1994,0.2252761785028863
1995,0.2251639778731711
1996,0.225600417673772
1997,0.22470270803349127
1998,0.22345597976598694
1999,0.2267971837580426
2000,0.22840554942459007
2001,0.22567516963681117
2002,0.22460297196691487
2003,0.2227079839764056
2004,0.22197233981542788
2005,0.21884304887727263
2006,0.21533211400464983
2007,0.21993157199299282
2008,0.21949298300068354
2009,0.22114728825395108
2010,0.2234532630814909
2011,0.22644860001881972
2012,0.22850388282327444
2013,0.2292308426785798
2014,0.22825328459911542
2015,0.22612269707297297
2016,0.2236788700015962
2017,0.2211347401667761
2018,0.22441826472807147
2019,0.22946888701254398
2020,0.2324767118590109
2021,0.23213837485042726
2022,0.234444359663645
2023,0.23469498390897567
2024,0.2332161593020374
2025,0.23122344699511121
2026,0.23022088704470192
2027,0.22978231647463107
2028,0.2292809509028685
2029,0.22831595867454538
2030,0.22934361022221728
2031,0.2272882784021536
2032,0.22346583694426173
2033,0.22379167539992023
2034,0.22621044542435564
2035,0.22663650028896784
2036,0.2268746644062123
2037,0.2308725554650377
2038,0.2294688916876315
2039,0.22837855009460173
2040,0.23015818812432456
2041,0.22911804440721528
2042,0.23014563161627194
2043,0.23063446970804682
2044,0.2286542229913393
2045,0.2282658149838319
2046,0.22817809378009285
2047,0.2197310464805776
2048,0.2147179624294653
2049,0.21475567348363206
2050,0.21649765792828915
2051,0.21718693978932463
2052,0.22005693104718657
2053,0.22480681916062895
2054,0.22866680181773708
2055,0.23055923117444727
2056,0.23053416107827088
2057,0.22880465578624196
2058,0.22726309850062645
2059,0.23044645433697483
2060,0.2315618277232147
2061,0.23045895652007878
2062,0.22997020152045122
2063,0.22811538289242542
2064,0.22939370404546805
2065,0.22830328047417275
2066,0.22616026025119554
2067,0.22426786434384113
2068,0.22143554500037332
2069,0.22265116046297626
2070,0.22252586341455674
2071,0.22083396095486105
2072,0.21791875199462463
2073,0.21853607234182107
2074,0.21969508338294572
2075,0.22036278606053925
2076,0.22124456191121505
2077,0.2228067504607205
2078,0.2229201431042868
2079,0.2198210211477378
2080,0.21817067202462645
2081,0.2162180914188469
2082,0.2106876044229532
2083,0.21077576621175642
2084,0.21494568738445458
2085,0.21841013195480682
2086,0.2190651699992785
2087,0.22118160086612
2088,0.22051385794836936
2089,0.224066456644838
2090,0.2278709908162662
2091,0.22973553317350034
2092,0.22894182240416236
2093,0.22817335088083956
2094,0.2290930176318139
2095,0.22748054247851798
2096,0.22677500668043768
2097,0.22624588607332624
2098,0.22506178064795213
2099,0.22717807531899123
2100,0.22693875017562007
2101,0.22305861714806016
2102,0.2240790722156605
2103,0.22855130874457857
2104,0.23136062259646403
2105,0.23224248546262966
2106,0.2312850629791369
2107,0.23103304705759267
2108,0.23240629145292127
2109,0.2315244723688248
2110,0.22269330440542628
2111,0.2440592591313135
2112,0.24258535742852239
2113,0.2383146477224002
2114,0.2480023709513008
2115,0.24123734415775552
2116,0.2421065422891728
2117,0.24269871167019602
2118,0.23967523653265999
2119,0.23424549044348789
2120,0.22753086939310233
2121,0.21418980909665045
2122,0.2178179524572485
2123,0.21916596039478517
2124,0.22523806582831957
2125,0.22640968003560605
2126,0.22543968244551707
2127,0.2162936605283647
2128,0.21805730313535227
2129,0.21994701587163804
2130,0.21478191629763566
2131,0.22094228422285267
2132,0.22414210102226922
2133,0.22261772689036025
2134,0.2232299823617214
2135,0.22420560281257332
2136,0.22487716591643447
2137,0.23280882850722265
2138,0.23591301162915634
2139,0.23297353733863108
2140,0.23586240633162486
2141,0.23636918408819974
2142,0.23759820523266187
2143,0.23600170372506515
2144,0.23971418441502237
2145,0.23668594321573497
2146,0.2362171806250344
2147,0.23896658318987932
2148,0.2378642599778849
2149,0.23956211170021086
2150,0.24843137710347213
2151,0.24659418077955442
2152,0.24493433996673578
2153,0.24489636150014563
2154,0.24784857030373433
2155,0.24909023034423453
2156,0.24821595205526534
2157,0.24582131679879876
2158,0.24673352993755035
2159,0.25038262883009377
2160,0.25327150317257485
2161,0.2533728120533627
2162,0.25341087026135867
2163,0.25502001687349063
2164,0.2592392512050445
2165,0.25922662398900553
2166,0.25849172071203347
2167,0.25954329447239594
2168,0.2600500595589273
2169,0.2610764003567366
2170,0.2598600694254967
2171,0.2586183951427064
2172,0.2579467868093077
2173,0.25341086656809914
2174,0.248127333916602
2175,0.24675890713711746
2176,0.24554251095546503
2177,0.24718970547642913
2178,0.24504833592240816
2179,0.2383711216033661
2180,0.23606504036209197
2181,0.2374715806041475
2182,0.2366225856557476
2183,0.23834577515389674
2184,0.24071514268171207
2185,0.23853583484646987
2186,0.23508947188433363
2187,0.23666061261548396
2188,0.23668585862781705
2189,0.23706606628854426
2190,0.23753482024533715
2191,0.2361918033384059
2192,0.23320156465916136
2193,0.23482344655541637
2194,0.23503879309542694
2195,0.23207396587834156
2196,0.2276519364700688
2197,0.22653652158328283
2198,0.2258228418319473
2199,0.22814210443884553
2200,0.2305760612243819
2201,0.2342460782543962
2202,0.23460287972951915
2203,0.23144254712421752
2204,0.2321562191461081
2205,0.2335451665210594
2206,0.23566063302597684
2207,0.2362467449570754
2208,0.2359026712656937
2209,0.23822193521253285
2210,0.23703682919520247
2211,0.23369814463074684
2212,0.22595037409961385
2213,0.22646006860825008
2214,0.22563175420211512
2215,0.21924743639229066
2216,0.21901808171525397
2217,0.21529711180216893
2218,0.21858477348952818
2219,0.21504223286186172
2220,0.21334736813098645
2221,0.21220051577148216
2222,0.21634204707582347
2223,0.21244256090391606
2224,0.2140992638074248
2225,0.21951506339316337
2226,0.221617709121384
2227,0.22193626073406503
2228,0.22461225025384296
2229,0.2253513516298273
2230,0.2284607623964092
2231,0.2307672100528205
2232,0.22740307896401846
2233,0.2269952125278955
2234,0.22978596219135575
2235,0.22294295817958168
2236,0.21946403516756532
2237,0.22242050276040892
2238,0.22918707662329388
2239,0.22877927566171496
2240,0.23351971299156563
2241,0.23854050735228652
2242,0.2400569291264208
2243,0.24027351138840522
2244,0.24150962294458989
2245,0.24426211722629088
2246,0.24506496624443377
2247,0.2420066516883618
2248,0.24409658349883015
2249,0.24701468472252064
2250,0.24552369682869218
2251,0.24849283854540785
2252,0.25030238229775964
2253,0.2505445350073917
2254,0.25050629953890513
2255,0.24960153455040496
2256,0.24691271830740188
2257,0.2470019905344928
2258,0.2460027911774708
2259,0.2457978520171468
2260,0.24543913884297017
2261,0.24547756363754186
2262,0.24668178929824092
2263,0.2503200494009179
2264,0.2533946906150015
2265,0.25409928384642044
2266,0.2530872986503822
2267,0.2521392215518556
2268,0.24960268369390257
2269,0.25203678975981963
2270,0.25643092372735227
2271,0.26150406572672696
2272,0.2614783579316102
2273,0.26058163872006956
2274,0.261542427724255
2275,0.25841652187758724
2276,0.2603382334717196
2277,0.2590954763587398
2278,0.2598641428685734
2279,0.26042784154207116
2280,0.258698366476067
2281,0.2615296351804247
2282,0.26288758637080417
2283,0.2634511870581971
2284,0.26500136042197925
2285,0.2692160819310094
2286,0.2685372085500163
2287,0.26611587645210294
2288,0.2645273762844277
2289,0.26573160902106246
2290,0.2665642816967085
2291,0.2680631319007963
2292,0.2658725227233884
2293,0.26360491796970653
2294,0.2677172937170386
2295,0.2678453871985784
2296,0.26518069729512755
2297,0.2620292539769256
2298,0.262861945470976
2299,0.2678069563032243
2300,0.2699975704165785
2301,0.27182952120666515
2302,0.27159898956356937
2303,0.27311062946621023
2304,0.27604431665069334
2305,0.2765951321444238
2306,0.27918304086842993
2307,0.2790933912511884
2308,0.2825266586026092
2309,0.28428174390113176
2310,0.2887399353459274
2311,0.29240386523312445
2312,0.2898288789502296
2313,0.2886374360041795
2314,0.28807379541475325
2315,0.2860624650933234
2316,0.2862033790921584
2317,0.2863058622510454
2318,0.28788163139342865
2319,0.28358996509800094
2320,0.2848198145755438
2321,0.28365400842467464
2322,0.28303909981706693
2323,0.28068190999440945
2324,0.28607525945990275
2325,0.28630097399560334
2326,0.2875365748401696
2327,0.28646833681252115
2328,0.2884632643760212
2329,0.28887510967715685
2330,0.2891583704449694
2331,0.29232458065211203
2332,0.2827743091180826
2333,0.2766348591339425
2334,0.27985263664732646
2335,0.2851554613940957
2336,0.29021375334249294
2337,0.2945769671532395
2338,0.2940493407618874
2339,0.2947057178123714
2340,0.2946027327583585
2341,0.2996738818382986
2342,0.3022609364859556
2343,0.3040243061478879
2344,0.3026985891737715
2345,0.304616370403953
2346,0.30220949173592393
2347,0.3016946910472125
2348,0.3018877051466418
2349,0.30614799492502126
2350,0.3051569313881947
2351,0.3068944518043363
2352,0.30708757147938676
2353,0.3081172859700187
2354,0.30939139313610825
2355,0.307615358176782
2356,0.3062637962017932
2357,0.3088638413039523
2358,0.3098548480045029
2359,0.3081300874800093
2360,0.30924989983373086
2361,0.31206865289482866
2362,0.31145081634288524
2363,0.3091212584471604
2364,0.3132785119175899
2365,0.3145655482117969
2366,0.3120687295174689
2367,0.30931433369127587
2368,0.30544010812545097
2369,0.30182345161334007
2370,0.30193915217734
2371,0.3027757685736662
2372,0.30585197726439384
2373,0.3098547801098155
2374,0.3097133025746653
2375,0.3118755603152883
2376,0.31334286018165497
2377,0.31371612357987744
2378,0.3136388706466702
2379,0.31387057990688383
2380,0.3168824438190442
2381,0.3217991153777503
2382,0.3235753767037221
2383,0.3250039584866605
2384,0.32420587459351247
2385,0.318259563115478
2386,0.31636743294943603
2387,0.3161266383958404
2388,0.31229864250800193
2389,0.3109926324004493
2390,0.31251856701079533
2391,0.313889337617365
2392,0.3138893765498363
2393,0.3161266016015047
2394,0.31928195363266976
2395,0.3156998588024623
2396,0.3153635742949178
2397,0.31692829481176177
2398,0.3160619578769495
2399,0.30985455312509025
2400,0.3080958766585904
2401,0.30785012926419913
2402,0.30809579903675277
2403,0.30707419421381443
2404,0.3076431951553287
2405,0.306414744008048
2406,0.30495332650934587
2407,0.29751748124552574
2408,0.2957975439487855
2409,0.2950215851708979
2410,0.2975562359831788
2411,0.2976985069048522
2412,0.29857792582901305
2413,0.2952544052557328
2414,0.29140067362264377
2415,0.290327317236755
2416,0.2924740269973182
2417,0.29334040424810615
2418,0.2926809020415458
2419,0.29013334797971496
2420,0.29001691534217466
2421,0.29138775738488937
2422,0.29127127894337407
2423,0.289887601036571
2424,0.28899529481834163
2425,0.2902238388421406
2426,0.2946853728669071
2427,0.2969484707224985
2428,0.2780031922812042
2429,0.2746795941429942
2430,0.2716147498010277
2431,0.2717311016109684
2432,0.2726363456167231
2433,0.27859793332032234
2434,0.2877796724810784
2435,0.2953061462550971
2436,0.2973364338464086
2437,0.2978277832446866
2438,0.29737520972881687
2439,0.2995219512299245
2440,0.2990692778611228
2441,0.3020307954731524
2442,0.2982287229836812
2443,0.29107736693487146
2444,0.28860735431602896
2445,0.28899528452685835
2446,0.28940910757382743
2447,0.2934697562038222
2448,0.29718120561549305
2449,0.29772438508391424
2450,0.2965656554073609
2451,0.2974104443035933
2452,0.29733242504079904
2453,0.29742346945332976
2454,0.2987751429505943
2455,0.3003087921798647
2456,0.30143950333510483
2457,0.3009066599204984
2458,0.29884011064673716
2459,0.29999683007128414
2460,0.30201147595294947
2461,0.30419494973240496
2462,0.3050397343021838
2463,0.30361008760362984
2464,0.30210240522029286
2465,0.3024143367213852
2466,0.3021673909717506
2467,0.3020244381268325
2468,0.3025183442125618
2469,0.3011666048612846
2470,0.300763787393537
2471,0.30065978105154617
2472,0.3030251881520466
2473,0.30166052006237776
2474,0.30197253716643246
2475,0.3008806436959252
2476,0.30019183720243836
2477,0.29974991748468405
2478,0.3035841038286711
2479,0.3087699544925936
2480,0.30918582007491896
2481,0.30822407881569075
2482,0.3042469619735919
2483,0.30285624668888517
2484,0.30290817581251744
2485,0.30587158374230455
2486,0.3138388591848715
2487,0.31177241135563827
2488,0.3129420928855952
2489,0.3116423229780977
2490,0.3100176612903665
2491,0.30722332868963276
2492,0.3099657036753685
2493,0.30982275320971536
2494,0.3108884507031251
2495,0.3133840003648485
2496,0.31390395292423623
2497,0.3160614137692149
2498,0.31532053078619093
2499,0.3167631903601007
2500,0.32012958261914753
2501,0.3223780484004795
2502,0.3201294752944666
2503,0.3228069531641114
2504,0.3230018444146992
2505,0.32029853384707363
2506,0.3177899557836924
2507,0.3160224436746785
2508,0.3139948008602166
2509,0.31342300028264564
2510,0.3163161608312524
2511,0.31622463950475216
2512,0.31695601377089383
2513,0.31742621555492134
2514,0.31890188014393633
2515,0.3196724704669123
2516,0.31759604974220207
2517,0.31451374847868335
2518,0.31358648433937786
2519,0.31425266047399697
2520,0.31299891528251467
2521,0.30987753126916495
2522,0.31096155843928885
2523,0.3113532745113373
2524,0.3118365391397567
2525,0.31243730370735046
2526,0.3115622628906393
2527,0.3091199747884247
2528,0.3080229660372343
2529,0.3071871414779234
2530,0.3064165612934539
2531,0.3067560892106333
2532,0.30978604249828656
2533,0.3118365169134428
2534,0.3091592199568478
2535,0.3104260834799172
2536,0.31204549056300945
2537,0.31408278625724906
2538,0.3153888278387501
2539,0.3157936511901863
2540,0.3191240876877062
2541,0.32164463415651773
2542,0.3220756167084672
2543,0.3240084122045499
2544,0.32351203855587574
2545,0.32313325643450863
2546,0.32322475738141476
2547,0.3213834730695529
2548,0.3199074714835781
2549,0.31884968802390845
2550,0.315989515621932
2551,0.31524510993463156
2552,0.32510545617675374
2553,0.32720813599896204
2554,0.328305220050099
2555,0.33239304513528084
2556,0.33678105294388766
2557,0.3380348188897693
2558,0.33645450018141876
2559,0.339171069457618
2560,0.34449957442764434
2561,0.3447869773223747
2562,0.3466544684648531
2563,0.3518523659186491
2564,0.35206132895284276
2565,0.3505853979682054
2566,0.35281876961684
2567,0.35857823149756957
2568,0.36327978345463025
2569,0.36163418185542734
2570,0.356449407308414
2571,0.3553130953687452
2572,0.3517217278434004
2573,0.3468633541122027
2574,0.34541369113902193
2575,0.3506532560655132
2576,0.3524898078853696
2577,0.3516502137174649
2578,0.3538278368262083
2579,0.35621536863307074
2580,0.356136508606321
2581,0.3562153415448396
2582,0.3564776607554525
2583,0.35950804958777627
2584,0.35954733825062724
2585,0.35645145598486194
2586,0.35622845558918936
2587,0.3536310462384753
2588,0.3542476021779868
2589,0.354405022712965
2590,0.35473293078219514
2591,0.35066636192730594
2592,0.35071888285628655
2593,0.35147974969350776
2594,0.34881677789699517
2595,0.3530802399221414
2596,0.3522537098369966
2597,0.3524766592113208
2598,0.3514928601876984
2599,0.34952507729366566
2600,0.35217488499906247
2601,0.353788512602864
2602,0.3520962637474695
2603,0.3547067747163563
2604,0.35869467627144735
2605,0.3589306584905948
2606,0.3558873706932759
2607,0.35416899233229915
2608,0.3552183674423961
2609,0.35841925207402303
2610,0.3565039424982687
2611,0.35653013718185644
2612,0.3565958857917886
2613,0.355008364203883
2614,0.35269969500257264
2615,0.350167869912948
2616,0.339004342017884
2617,0.3414311712489584
2618,0.35280463746872814
2619,0.3565038011847767
2620,0.360032613021195
2621,0.3614758076896108
2622,0.3586422239741977
2623,0.35872082385006104
2624,0.3602425752180806
2625,0.36101664508511777
2626,0.36155449131653244
2627,0.3612265250660879
2628,0.36173813867507854
2629,0.36072796718662486
2630,0.36026884848717156
2631,0.36462402176813624
2632,0.3670771758770941
2633,0.36732642827938916
2634,0.3693072399738472
2635,0.37252121661346704
2636,0.3724030925818159
2637,0.3762860763020184
2638,0.37851608733314146
2639,0.3768895124572314
2640,0.3748670677816485
2641,0.37544685454094723
2642,0.3749723740301431
2643,0.37403682680267475
2644,0.3767251646161394
2645,0.3779111659381318
2646,0.3813904150744287
2647,0.38617415693515206
2648,0.3883222633440851
2649,0.38717575722710823
2650,0.38425009696033047
2651,0.38401272179713924
2652,0.3846190633769238
2653,0.3872548662730843
2654,0.3887045179333746
2655,0.38834846803915957
2656,0.3881509620761716
2657,0.3900354821766716
2658,0.3910370661447971
2659,0.3901935924680659
2660,0.3912479122431613
2661,0.39327728989441874
2662,0.39489841208601684
2663,0.39534637416432805
2664,0.3976922254127565
2665,0.3979821971634874
2666,0.40237058858753433
2667,0.4027659361456675
2668,0.40275275948181827
2669,0.4021202232111408
2670,0.4053753277923888
2671,0.40907852792286736
2672,0.4096715610434038
2673,0.4104490974516764
2674,0.41283448821284685
2675,0.41274218358386094
2676,0.4149034063970666
2677,0.4173019123716899
2678,0.4178291313655382
2679,0.43037511075430396
2680,0.4280161524084371
2681,0.42237563240481935
2682,0.42191442892248004
2683,0.42407571903781166
2684,0.4278580000826834
2685,0.4262633962781332
2686,0.4263952182195017
2687,0.43080988945400545
2688,0.4348558366226297
2689,0.43086267278833285
2690,0.4278579534435462
2691,0.4283851465515774
2692,0.43137667855986805
2693,0.43108668200996825
2694,0.4315743238612641
2695,0.4318907524414494
2696,0.43493483938463073
2697,0.42648740188883405
2698,0.4250509026410418
2699,0.42698828537010414
2700,0.4306122995660323
2701,0.4302169008343575
2702,0.4300455979756609
2703,0.4305069183122111
2704,0.42946499439533375
2705,0.4319792383259228
2706,0.43802640717432395
2707,0.4398128639877588
2708,0.4413478348628052
2709,0.443663457600117
2710,0.4417581068221263
2711,0.4392836952719932
2712,0.4389924675500087
2713,0.43936301138035183
2714,0.43900574329806663
2715,0.43850283829325337
2716,0.4381984704291271
2717,0.4414802722901433
2718,0.44587344749980196
2719,0.44998865429392293
2720,0.451827976109748
2721,0.4496975295128698
2722,0.45129868471209844
2723,0.45426284929160965
2724,0.4564725814695521
2725,0.45992628707263045
2726,0.46177879824244805
2727,0.46410782519951344
2728,0.46828941536194885
2729,0.47055216231445934
2730,0.4686599642742991
2731,0.4683025568462206
2732,0.4703535726013465
2733,0.4716635924826631
2734,0.469705233862549
2735,0.4680644056817839
2736,0.4666883060929807
2737,0.4624934402679047
2738,0.4473290062103705
2739,0.43314361276559726
2740,0.4409111057006209
2741,0.44754062719496707
2742,0.44244604469414145
2743,0.45021361797156506
2744,0.45880164625601577
2745,0.4677467353131836
2746,0.47784322344569846
2747,0.4812307365664187
2748,0.4796031219244785
2749,0.4832554000052956
2750,0.48565047169260966
2751,0.4908771514409839
2752,0.4933650692358439
2753,0.4936561920630884
2754,0.49193587516965576
2755,0.4863120048375709
2756,0.48981867268696216
2757,0.5000739489898329
2758,0.5112288842323913
2759,0.5165087348610121
2760,0.5218017390614909
2761,0.5283916642185841
2762,0.5322951340454688
2763,0.5324805559105354
2764,0.5327756630378027
2765,0.5284339584387342
2766,0.5283409853240483
2767,0.5246102114292376
2768,0.5315541761213121
2769,0.5353116385654174
2770,0.5281153038488243
2771,0.5200426599362842
2772,0.5252739120999043
2773,0.5313814504493712
2774,0.526495497860571
2775,0.5348335010635881
2776,0.532589709602879
2777,0.532616224236617
2778,0.5287260156697744
2779,0.5364268195384831
2780,0.5282480589307594
2781,0.5279957601070789
2782,0.5318595144225684
2783,0.5291642764514656
2784,0.5286994542877435
2785,0.5269866866224738
2786,0.534448502543605
2787,0.5483232860303957
2788,0.5527180257536431
2789,0.548920797158698
2790,0.5442604860121938
2791,0.5422953872811019
2792,0.5394939159046875
2793,0.5304254747899154
2794,0.5325234087435589
2795,0.5300139576293887
2796,0.5295624413061055
2797,0.5290314671519682
2798,0.5294032693454501
2799,0.5282215679987771
2800,0.5310760915721626
2801,0.5336252887615659
2802,0.5479516006870095
2803,0.5595824342001723
2804,0.5735500913690864
2805,0.5820209539130485
2806,0.5791398606728027
2807,0.571279698168766
2808,0.5710273459145051
2809,0.56530494958157
2810,0.5653447640228487
2811,0.5706025142724364
2812,0.5688235305168363
2813,0.5683056015946115
2814,0.5767632666870544
2815,0.5763649821567157
2816,0.5675354803062006
2817,0.5723817767290877
2818,0.5741608035028412
2819,0.5759399658055747
2820,0.5812774610686701
2821,0.5845436625224034
2822,0.5881684025638585
2823,0.5899608576907285
2824,0.5911956657085613
2825,0.583986068244451
2826,0.5778652728970102
2827,0.5732181192257769
2828,0.5720346307657276
2829,0.56963704850631
2830,0.5716616308662128
2831,0.5739258169757887
2832,0.5799595183395321
2833,0.5820239497088775
2834,0.5800927571547722
2835,0.5720477336274851
2836,0.5711687860353066
2837,0.5684516812099419
2838,0.5652816121894049
2839,0.5708490798223727
2840,0.5718481558143398
2841,0.5780282192017766
2842,0.5776552014864257
2843,0.5771624518340749
2844,0.5819307820528897
2845,0.5834759088746387
2846,0.5823569424566976
2847,0.5901354345414302
2848,0.5904683787782078
2849,0.5865793513030293
2850,0.5857134930553581
2851,0.5860731481356067
2852,0.5884972131758671
2853,0.58917654462574
2854,0.5898024151839775
2855,0.5904018844023255
2856,0.5918803148730398
2857,0.5963422337123134
2858,0.5888700599973672
2859,0.5701964687052523
2860,0.5608463946583475
2861,0.558355668397027
2862,0.5621783222865533
2863,0.5681453334821827
2864,0.5735929159439312
2865,0.6186520352960132
2866,0.6487402886567983
2867,0.6507514922527925
2868,0.6482608252541737
2869,0.6486603697426537
2870,0.6485672090678245
2871,0.6479012985838797
2872,0.6587296427260316
2873,0.664270660294806
2874,0.6698247370286539
2875,0.6689589003972279
2876,0.6634583212837157
2877,0.6654692182514366
2878,0.6709836146853687
2879,0.6739269069493247
2880,0.6691719409171013
2881,0.675005903749261
2882,0.6764043209889562
2883,0.6762311311550797
2884,0.6800273110303869
2885,0.6835701362839817
2886,0.6831707386624051
2887,0.6858479236740447
2888,0.6847690456252802
2889,0.6866204225728118
2890,0.6860210725151158
2891,0.6879921313130133
2892,0.6891510954217247
2893,0.6859874491629094
2894,0.6807613099556988
2895,0.6737172292587785
2896,0.6680098654507823
2897,0.6684775256530617
2898,0.666766738911153
2899,0.6741450573867112
2900,0.6712310140145928
2901,0.663131079415144
2902,0.6626899983270657
2903,0.6610326347883233
2904,0.6505532801911883
2905,0.6518631673150038
2906,0.6451934048484383
2907,0.6378150792702351
2908,0.6289800485350262
2909,0.625665313728404
2910,0.6106279831823774
2911,0.5850715880133712
2912,0.5871567997298065
2913,0.5811151026415792
2914,0.5861141923522066
2915,0.5918349207475333
2916,0.5915675823765635
2917,0.5908993489312448
2918,0.5886804593394158
2919,0.5798987071745748
2920,0.5717721066871757
2921,0.5749666014110582
2922,0.570542420610777
2923,0.568804778900371
2924,0.5675482325572031
2925,0.582184477600723
2926,0.5814091722256034
2927,0.5839354623128706
2928,0.5805404468709598
2929,0.5539547606084683
2930,0.5336780423319112
2931,0.5344933847033937
2932,0.5286121479435492
2933,0.5302695589508535
2934,0.5252572302672881
2935,0.5244818911228147
2936,0.5212473040142455
2937,0.5209666041894856
2938,0.5086828908150647
2939,0.4841689909319321
2940,0.49093245061624274
2941,0.48866008865244315
2942,0.48733680935132867
2943,0.48521163830453634
2944,0.496653189776685
2945,0.5024942454196925
2946,0.5123051306256418
2947,0.5217151312917528
2948,0.5126793992068074
2949,0.49569077956127716
2950,0.4906249008771843
2951,0.48652156895197074
2952,0.4908922440428698
2953,0.4951160695172514
2954,0.489460421474426
2955,0.4790644638890204
2956,0.47127419791449165
2957,0.47212036835154286
2958,0.4778421390706752
2959,0.47019964492031163
2960,0.4692997272386695
2961,0.4552906789978602
2962,0.4613885966592831
2963,0.467365647817768
2964,0.47101892589293953
2965,0.47340975733551616
2966,0.4686818463324887
2967,0.4615900354455904
2968,0.47288600865106833
2969,0.47848686085249986
2970,0.48583394865088136
2971,0.48696212165243113
2972,0.4875935018259793
2973,0.48665323511098596
2974,0.48677405450806166
2975,0.49320783084922853
2976,0.49311365763355736
2977,0.49413458673580907
2978,0.5012532866567483
2979,0.4961358522357413
2980,0.49441665394071654
2981,0.49746560942747314
2982,0.5042350634130881
2983,0.49891622620789033
2984,0.4945778907642645
2985,0.4967671658648648
2986,0.4973446947471107
2987,0.5063707679806353
2988,0.5117164806344459
2989,0.5156921759020943
2990,0.515383180049122
2991,0.48381906830100274
2992,0.4835504892526866
2993,0.48775468174654985
2994,0.4888157912620115
2995,0.49383917450608783
2996,0.4915826222922149
2997,0.49692826258068173
2998,0.49416152812896647
2999,0.4960686424463287
3000,0.49519570117829265
3001,0.4968209288418302
3002,0.49768044173269543
3003,0.4958135436802319
3004,0.5011323839298458
3005,0.5043156087434177
3006,0.5035500248239735
3007,0.4994535441517557
3008,0.4934226916304618
3009,0.4916362981523389
3010,0.4864248370851839
3011,0.4862100614248429
3012,0.49023942300987927
3013,0.4962433426351254
3014,0.510131545798529
3015,0.5157546073210276
3016,0.5179136733785136
3017,0.5176032751453807
3018,0.5155385471360411
3019,0.5093444741267404
3020,0.5083188694798612
3021,0.5054849089519224
3022,0.49819772189916073
3023,0.5023137173442821
3024,0.5023136696988953
3025,0.5088047296661701
3026,0.5152822003311566
3027,0.5230282283030092
3028,0.525268219179429
3029,0.5333786524376052
3030,0.5376564330832851
3031,0.5423256206283286
3032,0.5462931601025308
3033,0.545712864994541
3034,0.5483442856859636
3035,0.5511647347236258
3036,0.5572777613824543
3037,0.5619335153718004
3038,0.5672369145258338
3039,0.5728912417864565
3040,0.5685189264978902
3041,0.567074894282932
3042,0.575941058767075
3043,0.5855492527499866
3044,0.5875195135734604
3045,0.5920132564755749
3046,0.5940509437340864
3047,0.5944827645023688
3048,0.593416710524087
3049,0.5900024604034763
3050,0.5929443853936188
3051,0.5886666048715542
3052,0.5858731043304901
3053,0.5821890120813629
3054,0.5839703452712686
3055,0.5942533921111198
3056,0.5917974619950115
3057,0.597289623262664
3058,0.6025797294004039
3059,0.6166006950967806
3060,0.6150893161672282
3061,0.6135644042868837
3062,0.6248325124523847
3063,0.6253452623784415
3064,0.6192052029038327
3065,0.625709730596889
3066,0.6294612181107563
3067,0.6246030882145189
3068,0.6286784943692055
3069,0.6292856931707305
3070,0.6274504155386965
3071,0.6333206648324872
3072,0.6443188910612538
3073,0.649069170635645
3074,0.6610929769225774
3075,0.6719157735730844
3076,0.6704043230628998
3077,0.6677727476755598
3078,0.6682476139326313
3079,0.666446132565895
3080,0.6635611567762969
3081,0.6632632011588088
3082,0.6628432711402936
3083,0.6686132226102147
3084,0.6601342919861454
3085,0.656070913326771
3086,0.6541068751668155
3087,0.6522243070335493
3088,0.6527117808881763
3089,0.6528879164105924
3090,0.6572222929957076
3091,0.6641030006376051
3092,0.6696699077234587
3093,0.6724464172133438
3094,0.6716337981289446
3095,0.6665679068500955
3096,0.6706856711877309
3097,0.671782889431353
3098,0.6762255581159425
3099,0.6758869030153116
3100,0.6760628930338188
3101,0.6776611205016386
3102,0.6839999807710815
3103,0.6874675225217415
3104,0.6799908645721796
3105,0.6814266044493908
3106,0.6832009166042917
3107,0.6892960054477559
3108,0.6872238802358399
3109,0.6843792596454472
3110,0.6732320224656906
3111,0.6513844456934735
3112,0.6504769496051267
3113,0.6522242071326183
3114,0.6225749499203441
3115,0.621450661130998
3116,0.6223987269673751
3117,0.6372843633222711
3118,0.6390317050951908
3119,0.6346973169395762
3120,0.6379074778884631
3121,0.6371624004580423
3122,0.6425533573149663
3123,0.6490817935306019
3124,0.6555562450501909
3125,0.6535109641154663
3126,0.663385008883195
3127,0.6650374752087198
3128,0.6557051780863259
3129,0.6514385748574569
3130,0.6602696594065814
3131,0.6533756103313114
3132,0.6634934712419635
3133,0.6639403772651837
3134,0.6545673690734718
3135,0.6598633694406429
3136,0.6665681172759145
3137,0.6686133235534936
3138,0.661935799406499
3139,0.6428919342845255
3140,0.6336273321906748
3141,0.6378458932529762
3142,0.6340504005902733
3143,0.6338599556139789
3144,0.6446748475124096
3145,0.6470826728343229
3146,0.6514086989133276
3147,0.6494090114820505
3148,0.6414779810456549
3149,0.6452598753404079
3150,0.6421037510509592
3151,0.6471642787820377
3152,0.6397640330492371
3153,0.6349618698787366
3154,0.639723080662877
3155,0.6260107170448214
3156,0.6171411421231505
3157,0.6257521547286061
3158,0.6220927951631209
3159,0.6122437673817108
3160,0.6144747113586142
3161,0.6184743015982245
3162,0.6348393758990133
3163,0.6331253953567102
3164,0.6361997518994862
3165,0.6367575662781028
3166,0.6413964194792904
3167,0.6317922065805445
3168,0.628391297951118
3169,0.6276431511033121
3170,0.624119805028561
3171,0.6333021769000379
3172,0.6336015127220443
3173,0.6358733173769285
3174,0.637301666815728
3175,0.6358188843334402
3176,0.636131713838853
3177,0.6430016283261419
3178,0.6371655927606255
3179,0.6296972994036353
3180,0.5974974705484893
3181,0.6048024907464274
3182,0.6078226129466378
3183,0.6048161912887376
3184,0.6021770921354463
3185,0.6030204784578318
3186,0.6057412439730694
3187,0.6084892429160513
3188,0.613658570374719
3189,0.6172635397582733
3190,0.6232899550567383
3191,0.62036514022513
3192,0.6168282651585721
3193,0.6194402050588057
3194,0.6239973253434496
3195,0.6288538589510628
3196,0.6289899117045579
3197,0.6253849658510029
3198,0.6178756188842363
3199,0.6201475041273317
3200,0.6210589078022349
3201,0.6287994449580552
3202,0.622364797929236
3203,0.6176987694850192
3204,0.611386724079593
3205,0.6102553036155948
3206,0.6109795151726493
3207,0.6187961335994768
3208,0.6237157243095308
3209,0.6327212824115045
3210,0.6303161723110792
3211,0.6323112738006814
3212,0.6326801885639307
3213,0.6302614247579255
3214,0.629222797444675
3215,0.6299197789481689
3216,0.6291271393496596
3217,0.6301247142492521
3218,0.6362195801985476
3219,0.6300018070597161
3220,0.635700357843288
3221,0.6401962708541169
3222,0.641877055911907
3223,0.6527001082515569
3224,0.6556655813139755
3225,0.6585352735950168
3226,0.6583439321723745
3227,0.6603253755194746
3228,0.6651082862193654
3229,0.6700825029866101
3230,0.6766830033006674
3231,0.6858114643151136
3232,0.6785824548031294
3233,0.6762456693980473
3234,0.6639876753820123
3235,0.667759450263871
3236,0.6690986224667321
3237,0.6628261083367052
3238,0.6090662752885971
3239,0.6061283351389153
3240,0.5995961620639598
3241,0.6112938033537809
3242,0.6167599975316184
3243,0.6066475152888692
3244,0.6037641325126814
3245,0.6105832070477292
3246,0.6240437154096591
3247,0.6290724894964972
3248,0.6282252687723798
3249,0.6261481483837169
3250,0.6301247565249222
3251,0.6207093161759611
3252,0.615215797314616
3253,0.5950729237770928
3254,0.5854524280055842
3255,0.5788520420142323
3256,0.5557301557299134
3257,0.5338517135863721
3258,0.5354233415851378
3259,0.5290278271490342
3260,0.5318019562046771
3261,0.5167700004056119
3262,0.4977203304759623
3263,0.4665903469529082
3264,0.48837310752677004
3265,0.48916567506883457
3266,0.4749972360222536
3267,0.5105737400840658
3268,0.4894805987364291
3269,0.5230096813256726
3270,0.5089659126369892
3271,0.4888485002874259
3272,0.4692808054253434
3273,0.43325071689607947
3274,0.45890602496387173
3275,0.47099849453718834
3276,0.48442374280608086
3277,0.4702151974339626
3278,0.47630261720325573
3279,0.4818816862331924
3280,0.46113218140517315
3281,0.46202540451088525
3282,0.46547426809355563
3283,0.4940153564755736
3284,0.5141601891281445
3285,0.5164550694702548
3286,0.5298940971773394
3287,0.5283413402462882
3288,0.5380152910911417
3289,0.5416431096730534
3290,0.5464800281203414
3291,0.5592870646396136
3292,0.5585724615711507
3293,0.5486649275925023
3294,0.5585450146851844
3295,0.5630659629556938
3296,0.5671333909488195
3297,0.5812321232166139
3298,0.5858766949128823
3299,0.5903014241416994
3300,0.5924175923319877
3301,0.5816168406475337
3302,0.5790883683445662
3303,0.5916893325851175
3304,0.5940115911323723
3305,0.6022288976214601
3306,0.6046612192946
3307,0.6048398088241709
3308,0.6111883729180132
3309,0.5945062440602953
3310,0.5816305419315506
3311,0.5870446308552361
3312,0.6127411569609313
3313,0.6161214846749573
3314,0.6243251386016763
3315,0.6130022136963351
3316,0.6021877601496035
3317,0.608137773011938
3318,0.6033145043496042
3319,0.6094569252502814
3320,0.6177567308178696
3321,0.6261665246863202
3322,0.6335593834566632
3323,0.6396193222313714
3324,0.6381489817835234
3325,0.6512445833923032
3326,0.6531270950418426
3327,0.6469023130056961
3328,0.6324737867157365
3329,0.6133386897380089
3330,0.6249053261687181
3331,0.6258300375805769
3332,0.6492807201378208
3333,0.6520411316723128
3334,0.6522068709935647
3335,0.6515029087958567
3336,0.6442979383511299
3337,0.6505781589727709
3338,0.6389287344098642
3339,0.638914957055161
3340,0.6489218044604184
3341,0.647265489291393
3342,0.6523172668911333
3343,0.6588045107022993
3344,0.6667547340816877
3345,0.6715857845555714
3346,0.6645739220972664
3347,0.6660370931011009
3348,0.6622551477537321
3349,0.6571342679850976
3350,0.6538355782770926
3351,0.651226898487412
3352,0.6662027255398794
3353,0.6635939398824923
3354,0.6685353761319728
3355,0.6704677285370394
3356,0.6763201520242017
3357,0.6788182786778254
3358,0.6816064334069106
3359,0.6781971337882434
3360,0.6896120335288068
3361,0.6920963845035892
3362,0.6941944641244324
3363,0.6935457435896071
3364,0.6967755941865894
3365,0.7098602752091012
3366,0.7129107474421026
3367,0.709667120967874
3368,0.7040630439247316
3369,0.7040633663476006
3370,0.7097774747235707
3371,0.7366789981789761
3372,0.7337801664659316
3373,0.7248085374889696
3374,0.7258851859930175
3375,0.725195004114793
3376,0.7254298215395774
3377,0.7223243224682411
3378,0.7156162471150236
3379,0.7150500886898749
3380,0.7201571499232577
3381,0.7226278368689587
3382,0.7228487210437973
3383,0.7271690748986026
3384,0.7243806153654316
3385,0.7193564514947066
3386,0.7220204488034215
3387,0.7393153021880758
3388,0.7315856760190215
3389,0.712800246065033
3390,0.6943047839622359
3391,0.705057031683679
3392,0.7067824861591789
3393,0.7008473932704157
3394,0.7110804461600551
3395,0.7129379667362413
3396,0.7123417544786326
3397,0.6971630476636318
3398,0.6927410660306915
3399,0.6799466477850724
3400,0.6865170157932795
3401,0.6811940571573952
3402,0.6682332109424407
3403,0.6717818166613008
3404,0.6905232375314979
3405,0.6903151353756105
3406,0.6893449875491324
3407,0.7000601483520685
3408,0.6929490684546973
3409,0.7070741382281662
3410,0.715086290075808
3411,0.7165419834461005
3412,0.7279780218247253
3413,0.7358654734393116
3414,0.7466776486997231
3415,0.7476619388164824
3416,0.7452499986207519
3417,0.7454439893984535
3418,0.7555354025152439
3419,0.749810627616847
3420,0.7507808660637147
3421,0.75797528595555
3422,0.7574624340696451
3423,0.7647399016139295
3424,0.7509887851973558
3425,0.7411885692785213
3426,0.715308231531261
3427,0.7170686421377926
3428,0.723514507642567
3429,0.732802058640264
3430,0.7524860172116123
3431,0.7643378587967985
3432,0.7673181875907085
3433,0.7648784662725063
3434,0.7868357102622024
3435,0.7696331373047537
3436,0.7804870094813482
3437,0.7720866926191214
3438,0.7711163481222721
3439,0.7769800031769164
3440,0.7765643083095026
3441,0.7701180686065198
3442,0.7645873099855329
3443,0.7666111751972107
3444,0.7690508840358102
3445,0.7758847564509964
3446,0.7713936214285497
3447,0.7715460472252123
3448,0.7722668481994717
3449,0.7792254334279476
3450,0.7779639768003488
3451,0.7761204909444446
3452,0.7818037075415416
3453,0.7753164193896319
3454,0.7710468758374466
3455,0.7773957805000525
3456,0.772169885185238
3457,0.771559886763979
3458,0.7762301075435553
3459,0.7761605890354529
3460,0.7772877689720836
3461,0.7902159212701002
3462,0.8059966941802227
3463,0.7961858742586984
3464,0.7876552587763321
3465,0.7826315520989087
3466,0.7871403775802844
3467,0.8014460999750557
3468,0.8053981797284483
3469,0.804424127557328
3470,0.807207431350572
3471,0.8052870757954078
3472,0.7990247222082811
3473,0.8155848260996262
3474,0.8276781915364543
3475,0.8277475758223165
3476,0.820344217102408
3477,0.8190778381472438
3478,0.8190083236203228
3479,0.8157101242119555
3480,0.8062333432508678
3481,0.8040763819970123
3482,0.8043407139108236
3483,0.8037422405012775
3484,0.7918302226669292
3485,0.7908838826330071
3486,0.8005275990851305
3487,0.7761884115328216
3488,0.7660016895083226
3489,0.7529207660535293
3490,0.7610894142059841
3491,0.7721387792934618
3492,0.7722918367237066
3493,0.75847312177735
3494,0.7614233866413166
3495,0.7582366363210932
3496,0.7479664667783186
3497,0.7558848752680121
3498,0.7653200770061899
3499,0.7726538769475007
3500,0.7774269221488014
3501,0.7734330422575317
3502,0.7810312031344887
3503,0.7922892968456077
3504,0.7816574295391319
3505,0.7686738105548762
3506,0.7603378967600454
3507,0.761172920205079
3508,0.7559126297896889
3509,0.7647911609932241
3510,0.7648049810008484
3511,0.7515428811860848
3512,0.740034334734336
3513,0.7438333634013679
3514,0.7533242083471676
3515,0.7539504105640378
3516,0.7504991476701073
3517,0.760491021968212
3518,0.761755264341994
3519,0.7670925919413638
3520,0.779331875934253
3521,0.7802540427147568
3522,0.7721084639279218
3523,0.7750004606486539
3524,0.7791780760203747
3525,0.7834394652930343
3526,0.7870442037892986
3527,0.7872398737195794
3528,0.8000659004404531
3529,0.8235662510682814
3530,0.8235662836035451
3531,0.8139537566720502
3532,0.818396645618868
3533,0.835791591718441
3534,0.8334303169053174
3535,0.8273944388442939
3536,0.826891489404375
3537,0.8235104392228783
3538,0.8309992135385623
3539,0.8279952900782837
3540,0.8280511632204984
3541,0.831236834478703
3542,0.831641777723793
3543,0.8314880783501434
3544,0.8386556566439849
3545,0.8537592115057038
3546,0.8600185167764961
3547,0.8629245916282323
3548,0.8628546708212763
3549,0.8566373644306255
3550,0.8588867740778211
3551,0.8603676936681688
3552,0.8480307831292642
3553,0.8490924682867419
3554,0.856860908654842
3555,0.8757924685455317
3556,0.8802493201041733
3557,0.8789920989963175
3558,0.8801515975249982
3559,0.8757505526338699
3560,0.8567769648966279
3561,0.855477653862356
3562,0.8678564522151607
3563,0.8652298624632017
3564,0.8588027854257271
3565,0.8454319934146145
3566,0.8526274805327411
3567,0.8520825503225298
3568,0.8527811729227857
3569,0.8484359783080685
3570,0.8440905876020703
3571,0.8490505223928878
3572,0.8522641137574684
3573,0.846619596229611
3574,0.8447753726723933
3575,0.8408493458472924
3576,0.8525993536586451
3577,0.8501824719549954
3578,0.8439090539567116
3579,0.8469268354913061
3580,0.8551142272480603
3581,0.8639864497188017
3582,0.8638895967551231
3583,0.8618005839407377
3584,0.8610714080961885
3585,0.8550000610699798
3586,0.845928426099514
3587,0.8548176189862106
3588,0.8612394836574615
3589,0.8591505138717389
3590,0.8561217647897778
3591,0.8585193370172561
3592,0.8591924302806829
3593,0.8628940197214017
3594,0.8644926067436374
3595,0.8683904401326755
3596,0.8771817554141371
3597,0.8796634397479443
3598,0.892002060679158
3599,0.8946241044749056
3600,0.8995455561274432
3601,0.9024620640938102
3602,0.9039623022610674
3603,0.9076639092412303
3604,0.912403076198796
3605,0.9137912772276053
3606,0.8966430968412804
3607,0.9026863717686148
3608,0.908140697177239
3609,0.9122347914887259
3610,0.9226947999938354
3611,0.9221338335956991
3612,0.9215169324136729
3613,0.9183200843908825
3614,0.9234658814678371
3615,0.927517956448523
3616,0.9342903876147702
3617,0.9339258187987578
3618,0.9345427189958705
3619,0.9343182944068846
3620,0.931934714552904
3621,0.9286957395803775
3622,0.9230312118473681
3623,0.9237321390706187
3624,0.9211942720899228
3625,0.9357203118374403
3626,0.9407961077679465
3627,0.946923365234362
3628,0.940908270844214
3629,0.930616731617762
3630,0.9347249006481524
3631,0.9322431999837694
3632,0.9223442246532836
3633,0.9170160235617412
3634,0.9122207877941032
3635,0.9169319661869394
3636,0.9220497279357428
3637,0.9252744296089539
3638,0.9221057707175323
3639,0.9184884212294955
3640,0.9168338049665549
3641,0.9102577979243716
3642,0.9129078772489496
3643,0.9197502241960793
3644,0.9157120155850897
3645,0.9140014582014864
3646,0.9145395758081883
3647,0.9130616965075529
3648,0.9116120779530745
3649,0.9015349960070884
3650,0.8843505819235679
3651,0.8802971308432
3652,0.8770460734269109
3653,0.8961447927281302
3654,0.9048987696861172
3655,0.90527868699241
3656,0.8974113336916448
3657,0.9042091283803093
3658,0.9047015890411756
3659,0.8941178660862078
3660,0.8794387654268008
3661,0.8775527707532608
3662,0.8869260648291111
3663,0.9049972864049908
3664,0.9091772863476613
3665,0.9066720692079064
3666,0.9145818382743733
3667,0.9238425249855112
3668,0.9484159231847312
3669,0.9674301194921826
3670,0.9637004463913197
3671,0.9680776112022732
3672,0.9804064331740389
3673,0.9809412336735996
3674,0.9898503400666641
3675,0.9921443741392793
3676,0.9925102420693039
3677,0.9872042217970558
3678,0.9751004907929408
3679,0.9639256782671094
3680,0.9582115496784486
3681,0.9626168457286679
3682,0.9265448831130485
3683,0.9212670857360996
3684,0.9311610265159326
3685,0.941055255661266
3686,0.9518922747343957
3687,0.9632922874458636
3688,0.9558893761479335
3689,0.9504144873992678
3690,0.9560160515214512
3691,0.9552420135290121
3692,0.9457419811267959
3693,0.9359179993568053
3694,0.9364108791040329
3695,0.9406190544279422
3696,0.932990864459879
3697,0.9297394908732999
3698,0.9270655177495147
3699,0.9377617434643621
3700,0.9244758702769634
3701,0.9114572651714176
3702,0.9227729029261539
3703,0.9285573999789614
3704,0.9232654854751217
3705,0.9373677893705108
3706,0.9381279222224188
3707,0.9418010563478781
3708,0.9577893413311606
3709,0.9639678839986003
3710,0.9622873611780798
3711,0.9601828336341798
3712,0.9724711739173052
3713,0.9598155559584183
3714,0.9338829162819519
3715,0.9404932759750178
3716,0.9603523474061902
3717,0.9757198328368003
3718,0.9916099723453721
3719,1.0
3720,0.9949575024329173
3721,0.993432044362576
3722,0.9917937261850247
3723,0.9838838448516465
3724,0.9778526461247196
3725,0.9699712261465226
3726,0.9477815071545228
3727,0.932922658523549
3728,0.9094051978294632
3729,0.9038966411601841
3730,0.9148714379370053
3731,0.9024135562573182
3732,0.8661698994744228
3733,0.8539240267040994
3734,0.8683592628559528
3735,0.8627941538869937
3736,0.8552799340391241
3737,0.8367909753338523
3738,0.8285280090723987
3739,0.81304774131493
3740,0.8090503672928597
3741,0.8164233521066712
3742,0.8426103029333144
3743,0.8320169305405528
3744,0.8263529242826811
3745,0.8105475315112073
3746,0.8000107164219395
3747,0.7980191307935206
3748,0.7951094783540077
3749,0.8104205525273253
3750,0.7915076930650149
3751,0.7825103871778414
3752,0.774925481924611
3753,0.7892759999044278
3754,0.7840357155088453
3755,0.7690495896857467
3756,0.7615777237737907
3757,0.7608433727736758
3758,0.7631316039249986
3759,0.7584703216205103
3760,0.7867195480367822
3761,0.7839792942849757
3762,0.7830894582495577
3763,0.7921575459259698
3764,0.7934003691657964
3765,0.7835556719514614
3766,0.7904344295001173
3767,0.7856318563879914
3768,0.7886545527192323
3769,0.7776373955898761
3770,0.7827929909062663
3771,0.7736060972589206
3772,0.7819766458439067
3773,0.8047899817677197
3774,0.8168207075672476
3775,0.8248364417405527
3776,0.8196865336660166
3777,0.82167274518682
3778,0.815884327422114
3779,0.8169057112167101
3780,0.82331842433488
3781,0.8281421230666334
3782,0.8482172752482263
3783,0.8442730302742746
3784,0.8455500328642993
3785,0.842145091597351
3786,0.8438901195313266
3787,0.8533673728789667
3788,0.8575667179851482
3789,0.859524583383447
3790,0.8636672293916665
3791,0.852615293883227
3792,0.8378747141449261
3793,0.8339873481837956
3794,0.8366118660483829
3795,0.8216443891256926
3796,0.8271915524152693
3797,0.8414073098845923
3798,0.8405985567741099
3799,0.8166363384374032
3800,0.8043358315053345
3801,0.799327791556354
3802,0.795511317649323
3803,0.805357269171455
3804,0.7885027054887416
3805,0.7716482065230964
3806,0.7818206164577409
3807,0.7904889005039651
3808,0.7837643812116547
3809,0.7620860149492384
3810,0.7402801490396248
3811,0.7378824779581967
3812,0.7304482778749569
3813,0.7236808598520575
3814,0.7446356583742105
3815,0.7429047509665017
3816,0.7542546231504621
3817,0.738194500790002
3818,0.7362650406028753
3819,0.7435005751188359
3820,0.7526514754824605
3821,0.7478703042329723
3822,0.7516868183201525
3823,0.7698322893074894
3824,0.7880488557392631
3825,0.7875380627080196
3826,0.7837358835863881
3827,0.7869847288531129
3828,0.787623151695618
3829,0.7882757942070331
3830,0.7860483787379559
3831,0.7877935232705207
3832,0.7743155005658481
3833,0.7551341754455718
3834,0.7301220196923308
3835,0.7260697289233792
3836,0.7387565177656272
3837,0.7258416977216625
3838,0.7220927057538353
3839,0.7256991420895674
3840,0.7231760084243057
3841,0.7416646114219521
3842,0.771628168994609
3843,0.7915849399890417
3844,0.7807941424745195
3845,0.7709725009349598
3846,0.769489914823536
3847,0.7833884609307336
3848,0.7852986102044102
3849,0.8019053459061907
3850,0.8063813518791083
3851,0.806794857664598
3852,0.8017629077696544
3853,0.7972013007984242
3854,0.7846854876605629
3855,0.7863818459950956
3856,0.8077071840631888
3857,0.8039295906663859
3858,0.8162457564462614
3859,0.829973217453914
3860,0.8370293801353994
3861,0.8506285085192836
3862,0.8450690653693959
3863,0.8371862161514837
3864,0.8536219950224306
3865,0.8675204920615154
3866,0.8752607771766683
3867,0.8713976005389388
3868,0.8804352438541999
3869,0.896628797834515
3870,0.9047825868655426
3871,0.9063933154162359
3872,0.9171130059486068
3873,0.9172697311874526
3874,0.9334775442558333
3875,0.9296714386176802
3876,0.9681880062564302
3877,0.9849659997907798
3878,0.9704973629656825
3879,0.9654511256159425
3880,0.9682022785744082
3881,0.9610748388917261
3882,0.9527500266473624
3883,0.9494001052422717
3884,0.9513957661976195
3885,0.9592359991174079
3886,0.956998021795189
3887,0.9450666785421533
3888,0.9461073179254403
3889,0.9394502372624455
3890,0.9327361893775804
3891,0.922373007885746
3892,0.9132213627738255
3893,0.9217314786590017
3894,0.9261077196367078
3895,0.9383669260336596
3896,0.9434273381694522
3897,0.9224727644226086
3898,0.9165332376691228
3899,0.9038489495838548
3900,0.8949011303894924
3901,0.8969197567360978
3902,0.89040580419644
3903,0.8850944892274762
3904,0.8653234581408485
3905,0.842961220228513
3906,0.8379218233909813
3907,0.8283441120291499
3908,0.8036769860958207
3909,0.8020735045978844
3910,0.79412785264911
3911,0.8024027507824367
3912,0.8251945653418772
3913,0.818623193994747
3914,0.8054807819577473
3915,0.777091225178539
3916,0.7785515469519846
3917,0.7764900354560762
3918,0.7666689573528513
3919,0.7579789032725371
3920,0.7709638263097625
3921,0.7715651193974896
3922,0.7924957410040697
3923,0.7825887586820485
3924,0.7685587228987245
3925,0.7596825920571039
3926,0.7703912456039175
3927,0.7787805894440468
3928,0.7857098490771786
3929,0.7890885175820372
3930,0.7997970667692187
3931,0.8119087243337918
3932,0.8181937050502457
3933,0.7720662960352535
3934,0.7318370933162055
3935,0.725824207444609
3936,0.7295320861054548
3937,0.7422595256665478
3938,0.7312643426927975
3939,0.7603124961483457
3940,0.7640920544042166
3941,0.7643067342832918
3942,0.7773203247260043
3943,0.7779073884229531
3944,0.7704197886368868
3945,0.7823025458897982
3946,0.7984800904430078
3947,0.8033189566977712
3948,0.8044212962445323
3949,0.8082152115257234
3950,0.7992674759045061
3951,0.7848365736470702
3952,0.7937126694121597
3953,0.8152589395385154
3954,0.8073276798597888
3955,0.7941707061058599
3956,0.7812288005830053
3957,0.7762895663696885
3958,0.7823168016585343
3959,0.7785802170969021
3960,0.7817011575264297
3961,0.8006131333486818
3962,0.7769716868577904
3963,0.7459362093808238
3964,0.7261523351373942
3965,0.7261236242181218
3966,0.7243250860506181
3967,0.7343392479369782
3968,0.7304831998421926
3969,0.730943673344891
3970,0.7337636766261165
3971,0.7326126238040638
3972,0.7388715815813875
3973,0.7322241533654534
3974,0.7340514276375899
3975,0.7436340468597817
3976,0.7318356585520943
3977,0.7380513731207989
3978,0.7541231547395948
3979,0.7544828409046167
3980,0.7751300226455899
3981,0.7868132294210484
3982,0.7875470468071407
3983,0.7888707982670429
3984,0.7933168404207743
3985,0.7797341901508483
3986,0.7896045826610477
3987,0.81121571101487
3988,0.8231724035365544
3989,0.811733786625487
3990,0.8233162982529583
3991,0.8195177895988784
3992,0.8188559818781126
3993,0.8224962286522283
3994,0.8327694220788642
3995,0.8478195258140476
3996,0.8374167778919674
3997,0.8249709749156552
3998,0.8167552687747939
3999,0.8106402122966543
4000,0.8004533927022386
4001,0.795144093897741
4002,0.8041366968522964
4003,0.7975757150802862
4004,0.7877053856496168
4005,0.783259355883552
4006,0.7843960787816054
4007,0.7779501690066996
4008,0.7807558268724749
4009,0.7808853096654427
4010,0.7710293694097036
4011,0.7726840067621393
4012,0.7668854768345259
4013,0.7646266110721467
4014,0.770827863470192
4015,0.7836046753639296
4016,0.7860220050488909
4017,0.7785975614843174
4018,0.7756767003553936
4019,0.7769141665289007
4020,0.7560368137713982
4021,0.7465692507398026
4022,0.7533638328861898
4023,0.7419077662397008
4024,0.7469848616445555
4025,0.7501671034675581
4026,0.7445836472614668
4027,0.7502972842691733
4028,0.7485614918265333
4029,0.7510783988145463
4030,0.7622017078286354
4031,0.7766519934495437
4032,0.770446625071979
4033,0.7823945264467919
4034,0.7939662863400976
4035,0.8050318581495882
4036,0.7976837419706782
4037,0.7947763229640245
4038,0.7797474843792034
4039,0.7714158175219151
4040,0.772963524834754
4041,0.7855044119362657
4042,0.797741602936416
4043,0.8024571363120077
4044,0.8000269971308178
4045,0.8011697241336033
4046,0.8038890780023683
4047,0.7964542244058507
4048,0.784390628717704
4049,0.7872546835302847
4050,0.7934311438744193
4051,0.7842171131571211
4052,0.7692171318533796
4053,0.7799354922995966
4054,0.7932575372349338
4055,0.7956586060452838
4056,0.8222882479406024
4057,0.8597519256825696
4058,0.8485127931351516
4059,0.846516633495042
4060,0.8408031481326712
4061,0.8408899321166098
4062,0.8511743269043894
4063,0.850971783887491
4064,0.8526352281561926
4065,0.8520132197539431
4066,0.8440721877659807
4067,0.8430306590551782
4068,0.8448243314582384
4069,0.8500605739096445
4070,0.8393276812196888
4071,0.8356246895290297
4072,0.8259478694045974
4073,0.8190771087220201
4074,0.820306565725341
4075,0.8180934562170806
4076,0.8068254193707455
4077,0.8125390179857042
4078,0.832760742874244
4079,0.8457210710186701
4080,0.849091434199164
4081,0.8478618863298479
4082,0.8477895634609635
4083,0.8469216772097943
4084,0.8487153370405066
4085,0.8612707141457875
4086,0.8743776612122993
4087,0.8777344581372192
4088,0.8911761028423287
4089,0.8820793647752966
4090,0.8816289137548807
4091,0.8829076935358026
4092,0.8747845416565343
4093,0.8816870522030978
4094,0.8924403147512145
4095,0.8970468222329476
4096,0.9023217666559291
4097,0.9170276676165668
4098,0.9121741493365352
4099,0.9070590523861689
4100,0.9061435602999798
4101,0.9060999675504776
4102,0.9130169572757924
4103,0.9208494390872962
4104,0.9290452307668541
4105,0.9303094648490611
4106,0.9338406327719898
